# corpus	nonce	expected_count	mask_sha256	raw_sha256
inherited	100000045835813	12	790f4f01966bfa2a886587a0af98c6d943c557a9cba71ef4dc4e463874e325ff	d2d0ec59a53c901bace0801b841e70d15a9e956bc5168f9acd75ea1b65339ad6
h64	444000000000	19	b629240a5d090a8aad8e757ae3671e1c66f11dd720953e091399c71542069096	b63050cf419931bd690df3f76ad6b635353dc3f5cb074cd458e4d5200fbc13b4
h64	444000000001	14	f3edc880b47099aef7a9eb88aaea6c16593271d91ba15b95194bb986a8469a7f	0aee40210a4560814d629b386e66233c89d36be85233d88d71e07f3cfbf499d4
h64	444000000002	11	64e0cc186f6a7160a1ee8d70467a768c7a88dffc2b755634aa21d97ead17b44b	c2e931d7ee190de99f800ac809a8d6c40cf3e12a869ee8c81bcef9b21ffeddbb
h64	444000000003	12	e0314fa4fc1ae7a36224a038bcb3a0107af2be5e739ab14e13a3f971f9cf255d	36731cd5e6eff0fde6bd5c52f1013855baa43c276fe831d71c9d6c0f2510f7ce
h64	444000000004	23	a59190bc25d35fc628f3e4b8b0ab121ce5c5e89cb1033c5d882df88b067c9b93	92224c6a8660b32ae44197fbace8de1f7bb1ef3cc79b8bba66300b08b374ec6e
h64	444000000005	10	0bf46fb308c9dc54dd499e01cba7821d40c4a2d29645c17e4049d63ec2752928	c0899bc43c90472be81a55348c41e9adc62746afa0725fbaf91152b9a52fd87c
h64	444000000006	15	7cad6575134444d971b17f650fca1e50bfce585ab23fa77fb4af562c91d796e6	cb908db49ef8059e77c86309ca4af908158b9ca5e920b183edca4d5bcd1e99b0
h64	444000000007	10	74e380736a23989af7f656b87f5552523fe31b104e743fbba65055359c86c727	1efe3faf43db55a555d9604f14e122ee01d8e4fa2bd02a98d2f804fcdec9cb72
h64	444000000008	17	a75034496cda5bc39cfae5d7174a7fd8842817977c633b108def01d3d922f2ce	38352b6eca81f7710fdf6d0b4995b6a84f5003055e2bd7acaa74cbc6e98984b1
h64	444000000009	26	2f53239253e710a300f653144a4f5f2eb69588c16be429c78ad3abf3af6118cc	63f13d4551ab9870f5f2eaf1a7c1695952ffb67b4581a14346e3a2be3a2e4e38
h64	444000000010	13	abbe3f47bd3c2a43eaf1a2d26cd7ec3c6f79ce3ba37da70c3ded2aaf7933989d	4d64a64ac4c49e87e5a5d34b9254a95b7026e565aa59af95deb474078605e9e2
h64	444000000011	7	aeb9e7a16b152b236e4b520561dba19c9de4703e2e88425cc7c92961c9a6f21a	acad98faff804ab17c2c542ee4164a057c0e1f64b9078efff3b12b17b93c40d7
h64	444000000012	23	7b024098538fc68c5680a762006f8dbb8193107785b532d300007a838630840d	93b4f6a1562ae5cd66db6ab088d0d160823535fe7480dace65c6b8a6a7cb2d81
h64	444000000013	15	569ba186c273e0a72b59214ce1b5bd91e4d4e8f50bcdf42ddb332740b24d7f8b	fd1d430e2994d7ec0f3b4a4cf16a8c0e2e690c1c1a48aa77a5032e28f8b7aadb
h64	444000000014	12	ffa96bd1ab5a38cc82d4ab57e854c2199b93b513a3c0f7d1e94d026f687087b7	2e5b8e56fb02614ca903b3b0e2017b9b4d8f389bba40e5e821a684c7f1c33851
h64	444000000015	11	735b7511ef9914c9113e9abf8fcf6e62baffb3c6baa789c70077769a65a46bdb	5747b3f32d25cf388aa7dc6e33acb2e1c056c0ddaffd900dd873e5143095ad85
h64	444000000016	15	169e3f8c8f79e71c975d5cec0da022007f1e628635afa9185bc511b9450f4a8a	65e6dd3d6236cd6ee38a4058124075c78c2498d16d33dae9d6e8dde67ce12fb1
h64	444000000017	14	e96f2e5c012fa4f56378000847d8cfcb540aa8de1c343ecb0dec1f5a70d842d6	58756b61a939b2aa038668ca34427d675b955c65f08c34ca5d789785c97948d7
h64	444000000018	18	782dda3957a9f0a10e16c504b940c453e4f13c79ed884cd61c6d4ebf40111e5c	002b70822a55a6d30fb058a2425befd1a5329090dd03769d6b7a45f08e2bd027
h64	444000000019	12	37eacaa92c31140e2ffd7b0266c5afd273ec2ca365565c25fbde23d5aede341c	e25af5372273d2a9f2e3e885b44e25d25841cb401b5492b456c668a58f07184d
h64	444000000020	15	f25a5583995497b569d93fd721431031e111d87d196862c98f6558d80de29d20	dbd411c62e751d3fa6037425e5811728810f1800d29a5bbeb1745c6512829e52
h64	444000000021	14	9e1059c2817ca42bf3c753299073b4e319329bd7c26fa173ed6f63f78ca0a070	cbbde6524a1621672e833efc09920e1c7fac1f9373b3399178e4ae27e16e5afc
h64	444000000022	6	4e030e11e8a89125f8d8f0e3920fdb2968d125276343e39d3999340631c209ac	287b8a6b178047d3e9cae1d135da07da8b7ce7b9cdc0f7a45945b29b104c20ce
h64	444000000023	14	b37dbec386b5f4128e7a329a3925e5a078fcdd29d9cc8e416ae935f90537d533	c6effbfa7d23e6c3b396d659535fe58bb9160b25c3fd0589d6ce76d962ac837d
h64	444000000024	14	5daccfe369357aae1c333410a932dc7d3ad4df980d5e98f24dbf8c69875c963e	943052a483335d647ac404072a8168af8aa7dcc08ea2bbed19a68716908a0596
h64	444000000025	12	7065b26577cb61e218b68122aee47ab36a94c51de7fa544a947b30804ec4af13	97e88fcc9701fcfd8f2ba574ffebc0022d8d784cec6940dc3731452ffa713c2a
h64	444000000026	20	2dfb5641320be74d5e22492fabbfc1b83e4e57cb4884fb1f6de8284324c036c3	bb959e850aefba8ed9074ebd405c954de86ffecd50b4e99d467042696663292b
h64	444000000027	9	1fee4b025797e584d0aa67d5f9b4e61228716064244169107551aad11da371b0	f605f009ebff61c90ebc662279f604ab99a34fec7e2887749ab65cd10d014f6a
h64	444000000028	7	efb873dfeba876d0c035ad56f3260a3ca4fff0b22247d0c7301b29f77dcc0534	43e9cabb261772f6ca8a095d2d80327d827ce5eb617a3a3a74a7e41e9049a527
h64	444000000029	10	c79e95c2d14b1075265ff81d10a806d2ae99871f6fe5bf51a17676c98b9ea621	4fde4fc27837dbf5bddb60cbede83b699c8c5d0b08297dbb27631bcf95ceed6a
h64	444000000030	13	db6accd4c09cff40b22e7d6584f6e5417346b1d8866501355dbaa72faf955cf2	2b15de39dfe8e2a5ceb6f7b392286fa88987d5c57782f4e51f9a4a6349d290d1
h64	444000000031	7	0e351243aadc18d2b2b634342589c9f8afeaa84859ea3b00108078ca6a270be0	58f02d8ed35a4de8fc226a25ab557da95d9288c3055ea9fac11511baebc03e4d
h64	444000000032	11	d71c7621916de3cb807c86fb0cfa09f931457691950dbd4771d8d200895b3540	8f3e2b5b81c427b43e870907216f6edd0160339d3103130abf7b92032161de14
h64	444000000033	14	586dab213088ed8dfc464a3119af8676b0e3edcef6a9b90f064fe18932676f8b	0097ee39089cd423f67678f7c1a1f87cf655453dfdb0a367bcc3a4ff9960c824
h64	444000000034	14	ddb0b11728cbb93bc0161660319e0bb6118a10e92712eb77eb111f593c794848	e6fb0ef2520b82d93f25bac1d32a24797d41b3b5d3dcc6a98f7bf4c82f7220d7
h64	444000000035	11	adfce7de7421fa988204a0041d97c90524845e0ceedc39d2a8f41b941251c062	625cde8b29535826630913b62625e514ee8d1cd62287852444abb6caeea264bf
h64	444000000036	12	9790f310f17dec4f64e3456ca59dd1ca0feb89d62e3aacc78d1e2f123e111ecd	dcefea35fe09a3bbedee48ace090bc071fc91d347991ee41ffe2010501e687b7
h64	444000000037	17	b647efa00a8b6a545f3af1e8f1337c49eff0420b71b6775f6358cdccea351e86	2411ad04c8cc6b22d7f385c4f82f30d2a2f4476a425c9b3360840b2585644ad8
h64	444000000038	19	24a36eb39f3fa6d89e0c6d36f88b57851d41fc94fef23bf6c06429bfc9e87e20	cca125d2085b7ed82ce1f01685ebcf0c6722ab88a2af72b0db49d30ba820ad2a
h64	444000000039	7	ab18a8533c650735b92ac332dba88f9a181469e81ad9ad2d36b87250bda6025f	8db29be2e5c4b40579d8675086811f53b8c468f2c2a8648d15ed73b0eb3034ab
h64	444000000040	14	cd9f2638e2ee91c1ca6fee43b15e40c90430d91a8ad71e081eaa10129960a043	14131d60c143dbd918dc4e8788e73215e6d1bc1837e746f5f6ded3fbc8064f05
h64	444000000041	13	aebff4d8f3688816d7dbbbf180327dd14d4140d31b16a3e5bc8b5d5286853355	c6e4b77b13ba949e62c04a4be5ab9cb0fe460526ddbbe7e5ea0290064cc1734d
h64	444000000042	9	c208899a29554bd3b4901a9296e0e94c8728545899a4b09d302c6b04f961983b	7b1747570d635c93a1943538e730af9e8041167a4263f8a7171a01a980bd112d
h64	444000000043	16	fde3ed873420d7919f7102f6884440d36839f85c71b790f060f5261255ed6485	e2142316f7515efe744e9bb5ed839a692836f20ca850479c6ebddadd740748a8
h64	444000000044	18	1736d2df15168afa219aa5044d997cc465d35cb75d25dbd1b8f0470496643d08	32666f2ca0cf95d0c85b58b1e48ec872f3eb817e02755e1ce0162a47f961b2f9
h64	444000000045	13	ac321bb7027f5b56cb15eb45f5aef53b89d6fbbba8894c97b696a8b98d66702a	2be58a3204d8dc927cfc69cce8dc3146c057ea9bac7536eee1eb2e9aefd60400
h64	444000000046	6	4f481e0877f91af8c0eb94e0f524c7515150d7b2c14bb35f18f26dd7c030029a	a19f4dcc2d91c172dffef7f83eb1f737f73cc55cfe4da3e50c9e9e3b3bfc73f5
h64	444000000047	20	db2ee8047fa7604fdb35537cef75790325d1f8590ec8343d681832cdee42e5f0	1ce2af6e1e32429b64288cc15e903aaf5daf02ae3fa2f40a2fee43b868d41102
h64	444000000048	6	a1e63efa231efbcd352fc1807b59c83f9c277eb6795c0931141ee385d3cf6e96	ba47388545ad4511594ef57af6d873959853f0035dcab7d143a8163d1f01c4ec
h64	444000000049	11	ec4c7bc08c6a5aae3190e8fd863a535d3e6dca3bf75c31ed2ac2113a32ec5ebe	30644594cb836d41040139fa341eda835f3a847838d0b735d894c6ebf5f2c4db
h64	444000000050	13	ab429dd7e0357568705d7a2003271d0e1e117284f5c0cb49093d0a145d5db352	fc9ee9bcb9ba44098ec3aeb82d8175e66fdc97eeb4cc611ff26ca635ea36f217
h64	444000000051	14	47693bf19f2a6ecc672e1acffaddeb15ef2965d1e45f64113ab38eb9023dc615	f2c73065157b81f65969009ff426e22d5299ee0be114200836fc6019c11cc2bb
h64	444000000052	13	d1223757ead73a936c27dee73b1e246de12ca31e90b3263051578c907d564cf0	0f7d80ac7b9748e520fe10a1de79e2a8bbe9e5e1646c2e20e2929c58d4b95f77
h64	444000000053	15	fd1b9c61fc92f5237c6d00d5f0fff2e84286737e0486257f1b425fcf0fdd56ab	42e022b6a405b16a33a710cb2167100ec032c7831ab01abab4b2b1054ffb29bb
h64	444000000054	17	693e59dc91f5cb2c3bafbdce551aa4f6a84c8e58cdcba7ea1032209e38480673	8daba1bd5a641de4a08a523303ff8318e1590d6e6b08e97c2876eaa1f49893b9
h64	444000000055	19	f8ac91e15e2dcd711e8f711ff3b361e1979725cc51678bf33879212d72d75c67	474f80df3f940432a843d8e115488b05dfe5f0883a7fdf739a4cfbc4c037bdc2
h64	444000000056	16	519eb15674d5184446d813f4fce64be5be64caff188cdfb17d08d6493f083999	6f491832dda492154f203b777389f74a00984753df7e3681f4208f7b400751c6
h64	444000000057	19	20704f22f1a4b3a553ca33883a83bb64c4232e71b36a701cb9f1aa4e5545a237	ee830c98240684dffd7a8f5965eef8d83537f50121a65db0c097659e5b5ead95
h64	444000000058	18	8c4ba67b1d6af307c68bb21c9e2b7830cc814345a2bee2f5e1bc5e145a7704a6	d1b3a7251e9902b7e3cd0f42fbc39b3ec998bc8fdf39b291db7ec7c19ec06b6c
h64	444000000059	9	9911ba56345670792b3bd8b6368b78d229b1888462b710ac2b8bb2395a3807aa	1467e40a5f2b313c9563301c46e09cf15c44598a7b2b831752933e75a19415c3
h64	444000000060	8	6466ec3286d79db74fc2b186d6c08b11e5219d0c2d9cb98454a0a043f1717b9b	e3f58ca7e4631a55669c8d453926983d184d2d28aa10aa50b6a238bc69257f7c
h64	444000000061	12	bd49abdc5ef7943d9e102efe3e92d74b37ba03d79df175f5d8b32af5de01bed3	31ea0cf591e3a6d14c29067b1e8dc8bed67be33b489a0ee8deef7b34afd1b282
h64	444000000062	17	e46f259b1e4c213bd49fc0f6ba5e8742db22222d05be3a1ef864e28dbf3a282a	830ac71897fc9b2160b42985f93519a88c37d5d23500a7466a32e4d0da81780a
h64	444000000063	11	8ddff60ac73bc3762b496535bb0b3825a8dddcf1527a2f4016bd181b53583eb6	2eacb18129ee031a280ef36eba876f83cacd5a256070096642d5f3d35cc1e606
d16	730000000000	8	ae6f1caae2904ba4b1528210815c7fa0688e39f4d38b5c94c32edf026e13795f	a2347cdeb4239c69e854329d83ec11d40e7ade1429025f2e611b0cb345fb19d3
d16	730010000103	12	8e9e6d256c30c1ee2978f37c5b83ad31ade10c7a0fe1ecca46fd042fa39be6c6	98f09bb90f8291f4990dc66b3616b807a8804b311cefe800fa1b09ed75337b45
d16	730020000206	12	5cc7eadcee781c7cd7996aa39662299102ba96eb4f6f08396c8157ee175b3e57	906a6967cb3ca6d2548ed76eb59cd7eb84da3b111147c8df91850edab39d6f02
d16	730030000309	8	c37556dc725e4b2ba7316986ef6698958edff3a3bce36cfba200bd95b5063489	6bc77089065854de6e8fd5f798ee142364364f3839fb318896b233a1ebad639f
d16	730040000412	19	b82d1c3d799c6d169ede04562578d958b7a2d17ac5fccdb4dd67c7c86d16b135	3fe9d665c6b3267d1b82f6c7e52795f95c71d4d56d5326623a60086f69279b02
d16	730050000515	14	601c8b92f0cecdeb13ce852072c87ea4a7b2ec2e7ebbdc721ffbc5ed43627f5f	2c5f4010b7fb1ddffa6780078586c3e45b04a8b0fe5c6661582a2db1834eb7b7
d16	730060000618	11	d57feff138bc0058992fdc68d07ca6bcc2b5dc26b35551307a4c8a2841513a34	e22256a3c776799b96c59359cd924a3d652b6c372e749297f1bb7a5e80f04d5b
d16	730070000721	21	d9bfb2fc4f2b3cfdabede6d98df9ade6e9c25315b2a287b4a9e713854adb1e82	b5b8b7cafdb2d46280ab5704b69c599d1417e98fe7dee6535615f7699059270d
d16	730080000824	16	244efe5b8f5ec2a285de039a4d3ea93de259f9ec1bc3b863fea902b5fe6ff260	e07e5d5fd160dda26bc436eb635d44343ebc66aab41d1ef5866a44353c021967
d16	730090000927	11	cdc533988713481e1bab42944b7bb809e5f780a552413145d60f11a295c3c116	debab3bf570d67d237be220ce3ac231058930ae5384438b54b5053928ab59967
d16	730100001030	19	598d73d5f6039bebfa9d6e218aaaee1ea2250b8b4bf1614c00ed0517304c41b0	a712aecf9eb90844b6e35bc2fcd674f8499bf0350f73aa610748433804b83c6f
d16	730110001133	19	46bab2c0174f671ef8abf7e010edc20ef44f32eeb626a4ada9bfb85812e17026	a3d0fd8ff6fcb0ba79ba032b9e5bfa8c69db6faf346f3e25e878ecebca609483
d16	730120001236	15	7965b1250384ea2e014206246ef2b8642619ddfb8efa2d699e87b2b837c61a6b	9795a238c457b0258ee98c295a8728ac7946e7617d76093f7702ce3781b77023
d16	730130001339	12	480831a0db836f06d9380f0fc641e17327dd1125f4093d96a61e0b40dfdae719	cb60be78a74275e92d6a13bca6e9d23a49af57b658e8bba3f415ab2d9611b634
d16	730140001442	19	fd7744b179e46d282ed9b4a22a8feb33cc6ff9ccf26ca86e52c09275678c6347	f067335db370d0accb12f21ff40bf0e26795765a98d7822a4f68fda2369cfa77
d16	730150001545	16	f73b2b1b99e442e55a736530c4cef1884a3d313ae64e2f6e527133a9def13213	cc6aa99d5013d98571a1e8159256b6e018a9806d13a63600047226dd58dae32f
d32	124196685528108	11	c4e1cb2ad3f301db78b730b970b47e9d52c5ee1255342542ad7331057822f57f	a3bfc13e221b1d8609715ab0d4e521489127b6e2048186e852436cecdf4fe50e
d32	210701819482265	18	dd95d2e9e96a43b8b770dacb1338db918427cc4ca733efed4fce3d5ed2dac0da	5ca96abb22db99ae944c00991acb621dbff08118b710a2a941e9dedc6d20ab2e
d32	42883374207299	18	5048d1179c3548f29b81808d2713ba01c380e162389cc3dc7d51596768385482	0d1cdb501b344e6dcc75e0a927e6ac90af43f06546350c40806159c08b7be96b
d32	261908226449336	20	e70f353705d15cc1176ef21201165009d506972cc7df24c31b3a651d7866b620	ecba90481a0127c555acaa1fdb7b68cc04b4ab1ba81ccbea292b7511ff821a6f
d32	137760187172299	17	3514d5065043ba1e869b123964b52c8d3590849c36cc4ab9dd229a6dfdb0a6d5	000aed4890905b630b1151c3210180075240c12660f87732efdc3f4d6c241130
d32	125245564080868	13	d99491fec249b52ff08f867a369d33c1d3fae3a2939a2994dc81c6f1eeb2ee2f	64185c662bcfcfacb7525d45497791c488c5542caaa159c0970ee3a27996d6ef
d32	51556497576218	8	df68859a5c97a0facb6feb5664548aa44dd6f5009fb7a551fd24468f3cfaa948	38761286723181b27c0ee8da798f9394c7a1458330f0776d731994568f3868de
d32	22111760600179	18	84548259a3610b1abaa76f025a60f8ef35f034b97b20a2570e847feca346b85a	cacfcc26a3cd9c95fa8ff5b38bb8e3967013b21eb6cdd28b5b50dc207d96385d
d32	132155986174020	21	a372117f50a81c0c08afdda911fbc4a6df37cd33bba2664a026c0cfdc65a63ec	225a206d19093c8a50f1aa0695034e9a8c973d18828316d23984487cd3dc8dd7
d32	5707814734409	16	a127fb796c8c297dad3f0c9a4b05b4cc035a23b71807c8caa65c4dfbd98579c6	3a54d308a22a57d91a333791f994492362f525a2593e4abd1f9e6493c786e42a
d32	232149491038744	16	05047900522260f4e36922fb1e7d91165bfcddbfba838f0269ae6919a81d5fc1	8d6e3fdc1dbffb2e3cbd435d6349d3de6fa6e014942f8b0e784cfc4fb79e77b3
d32	274736799921984	15	ea2ff5d430e1cdbe96022aaa50ebf202570bbef3166bf18de8e9adbccff9795d	43e7558ca6b93b0deb866b58d7ec0b3496a3b59c8b611931a7db1e374f8e1964
d32	44412552446227	10	d8121b7d4621f78ad7799c7d347f8dec38f181cc593a6ae10d29fb35559f8061	cb5361fe786eef4d096667cb866f758508194f1ada759449da1ebc0c714162bc
d32	264017793226248	14	5768b905869f91a7c04d9bfb58ec9ff789f371aeeb26f7033edc6c22f85b94c8	3e825a43acd3ba55a25b099a1c914b8d7e4a51096f19aa414b4ff2c00f8fe2ee
d32	64673186858966	9	a55d5c38967cd0640c1adc7adb3151ea41d998e5490515197e99b9af6459e0f9	030eac169ae44d42e00cd661aa7d23af81914c47ae76b99e5fe2230074274d1f
d32	64825745130396	16	7403daca0d67ed5e77da120c16de34470e9ddbb4913c63d5c7dd807bb2693ded	52f53a031ad2de35c3612858d05adc5c9de6feb28647c485e60fe45864192264
d32	134724793620052	11	17ded7778e3e73212f0ab22d8cabfa78ead6b5f71b3f6dc7bb56fdbbeb347ade	31cf1f1fa8796665fa76659fd8a0f0f9f261c04b9a9805f1fbbc0a86a3020f50
d32	139143931656410	18	a501a64edb04f1d0291ce82804455dd94387917bbefc26e76effc3f06046fec7	c2b00c7421093abc8663410ac1a85e6c78db6d1f142ce42add5e0ae2f79885d5
d32	71491542784709	13	4d60e85e1b770e491b98fe2073a715de51a47a14f1e2e8c768ce1ba7e24e9707	c67921747d2c6a2ccc293a4c34397026d91b47d599cd6f5c81b008eee024e1e2
d32	208976324854949	13	cb75a6aab3dcc44223190d935fa8449b5ae369fb083e249c27e5627da6f89207	92d0b866af26e2c44469b106bc8dcb57671df9abe88aa3011498a035b7dbad49
d32	38402692441864	20	cf41998564acd8a1cbc7e833ead4cc4a5ca570d95f287ed689f6b66decee9c5d	856f5d529c05f6fa36db1412888d1d24ca779d9d975000ebfa6bdbba9505f448
d32	134885401364862	23	72331b4a601bf696b8dfe9b2f81f587fc3e4e879182c6c46ac827c30ef0e4ee9	6886905286ca995f50ad778f6a0beefabf0f2cf4c91ccc9b51f959434135604a
d32	107819975157333	13	0d4a8f520a089d81ddeaa9144a264fc295ac4cb62f6b30d0d8d636be60a17655	c8407d2c05f3872702ddda11d58d85d105d92cdfafb45968a7763ce21912b840
d32	122015081342537	9	d169ef2a2aea03a60d91dbf349cc02c011b3de3b81806f16ac9c435532a571ce	b9e75dc9a392bfc1e1b0488ec37115d644e5be3630b354ca938f060275aef116
d32	155520774987346	15	8fdc9d80228b82d8a967187c19399cef27ce233ed42694ada8aa9e90cf559744	b59fc12e1ac8855ec9e9806188a6f07d321009799868ee7a23ab27fe74be6d14
d32	150276762735100	16	9f5485ac9a6fa9f871ed031c996888418695f52bfc153f073c7c67f7eba8cb6d	b42309c701dcaefbedfd5675c0c729a775c51bcbfca03a04bedbd06a1f55d77b
d32	264855615194739	12	6eff8c5b03c56a95b43e5859af369519809ac86d15c70784ec1b4fcd618574bd	b758f1ae0f891eda3e50a685cd774b1cd4183e376d1cc3ead72f3edb7a628231
d32	216102476538990	9	280faa927e9fc6343eff3b61b2a1db67216649e61eefe9a26dcb3aeeb5674e36	45e06bfe3b4dce0a747e7d4e5bb0c25c1707bd14e3be4f1a6a975e9cdc6332aa
d32	114704399600915	23	ac8587b6450b2c14307fb1b81dd7f96554f722dc6de4fcfa8fff6e02c793dc6b	289aeb99b7b713ec8811506d106ebcd52e64eeffe1d82ff2e0d481896509e762
d32	51925649527305	12	a21bd409bfb2042aeb089c07d8ca94b2d766627b5da87c5a142c37c5eb278f80	ab906106eef3fd42d64c6e25a9d5ca80b5f2b797329e17b8e04b60f96ac46fee
d32	213211870823014	12	5056904b1fb075f3c0569650d5d00335711928a534079f4b7f0fe11e90acf57f	42607b2319ca78403846f801f9a4c0bba69c6e6498e2640982878b8023d55b7d
d32	148270687797083	21	f8b84771d528048cb3c0a634a0464e4ceeb34627abfb95877398ab9f1243cada	fe6aa6174bc0831f538bd53a855bc7997ca20f5b3c600543e47fab1764ebb65d
