5267	623	1491	3
11864	1541	1491	3
914689	138486	2165	0
915974	138742	2165	0
916919	138896	2435	1
919225	139195	2165	0
920510	139451	2165	0
921455	139605	2435	1
923761	139904	2165	0
925046	140160	2165	0
925991	140314	2435	1
928297	140613	2165	0
929582	140869	2165	0
930527	141023	2435	1
932833	141322	2165	0
934118	141578	2165	0
935063	141732	2435	1
937369	142031	2165	0
938654	142287	2165	0
939599	142441	2435	1
941905	142740	2165	0
943190	142996	2165	0
944135	143150	2435	1
946441	143449	2165	0
947726	143705	2165	0
948671	143859	2435	1
950977	144158	2165	0
952262	144414	2165	0
953207	144568	2435	1
955513	144867	2165	0
956798	145123	2165	0
957743	145277	2435	1
960049	145576	2165	0
961334	145832	2165	0
962279	145986	2435	1
964585	146285	2165	0
965870	146541	2165	0
966815	146695	2435	1
969121	146994	2165	0
970406	147250	2165	0
971351	147404	2435	1
973657	147703	2165	0
974942	147959	2165	0
975887	148113	2435	1
978193	148412	2165	0
979478	148668	2165	0
980423	148822	2435	1
982729	149121	2165	0
984014	149377	2165	0
984959	149531	2435	1
987265	149830	2165	0
988550	150086	2165	0
989495	150240	2435	1
991801	150539	2165	0
993086	150795	2165	0
994031	150949	2435	1
996337	151248	2165	0
997622	151504	2165	0
998567	151658	2435	1
1000873	151957	2165	0
1002158	152213	2165	0
1003103	152367	2435	1
1005409	152666	2165	0
1006694	152922	2165	0
1007639	153076	2435	1
1009945	153375	2165	0
1011230	153631	2165	0
1012175	153785	2435	1
1014481	154084	2165	0
1015766	154340	2165	0
1016711	154494	2435	1
1019017	154793	2165	0
1020302	155049	2165	0
1021247	155203	2435	1
1023553	155502	2165	0
1024838	155758	2165	0
1025783	155912	2435	1
1028089	156211	2165	0
1029374	156467	2165	0
1030319	156621	2435	1
1032625	156920	2165	0
1033910	157176	2165	0
1034855	157330	2435	1
1037161	157629	2165	0
1038446	157885	2165	0
1039391	158039	2435	1
1041697	158338	2165	0
1042982	158594	2165	0
1043927	158748	2435	1
1046233	159047	2165	0
1047518	159303	2165	0
1048463	159457	2435	1
1050769	159756	2165	0
1052054	160012	2165	0
1052999	160166	2435	1
1055305	160465	2165	0
1056590	160721	2165	0
1057535	160875	2435	1
1059841	161174	2165	0
1061126	161430	2165	0
1062071	161584	2435	1
1064377	161883	2165	0
1065662	162139	2165	0
1066607	162293	2435	1
1068913	162592	2165	0
1070198	162848	2165	0
1071143	163002	2435	1
1073449	163301	2165	0
1074734	163557	2165	0
1075679	163711	2435	1
1077985	164010	2165	0
1079270	164266	2165	0
1080215	164420	2435	1
1082521	164719	2165	0
1083806	164975	2165	0
1084751	165129	2435	1
1087057	165428	2165	0
1088342	165684	2165	0
1089287	165838	2435	1
1091593	166137	2165	0
1092878	166393	2165	0
1093823	166547	2435	1
1096129	166846	2165	0
1097414	167102	2165	0
1098359	167256	2435	1
1100665	167555	2165	0
1101950	167811	2165	0
1102895	167965	2435	1
1105201	168264	2165	0
1106486	168520	2165	0
1107431	168674	2435	1
1109737	168973	2165	0
1111022	169229	2165	0
1111967	169383	2435	1
1114273	169682	2165	0
1115558	169938	2165	0
1116503	170092	2435	1
1118809	170391	2165	0
1120094	170647	2165	0
1121039	170801	2435	1
1123345	171100	2165	0
1124630	171356	2165	0
1125575	171510	2435	1
1127881	171809	2165	0
1129166	172065	2165	0
1130111	172219	2435	1
1132417	172518	2165	0
1133702	172774	2165	0
1134647	172928	2435	1
1136953	173227	2165	0
1138238	173483	2165	0
1139183	173637	2435	1
1141489	173936	2165	0
1142774	174192	2165	0
1143719	174346	2435	1
1146025	174645	2165	0
1147310	174901	2165	0
1148255	175055	2435	1
1150561	175354	2165	0
1151846	175610	2165	0
1152791	175764	2435	1
1155097	176063	2165	0
1156382	176319	2165	0
1157327	176473	2435	1
1159633	176772	2165	0
1160918	177028	2165	0
1161863	177182	2435	1
1164169	177481	2165	0
1165454	177737	2165	0
1166399	177891	2435	1
1168705	178190	2165	0
1169990	178446	2165	0
1170935	178600	2435	1
1173241	178899	2165	0
1174526	179155	2165	0
1175471	179309	2435	1
1177777	179608	2165	0
1179062	179864	2165	0
1180007	180018	2435	1
1182313	180317	2165	0
1183598	180573	2165	0
1184543	180727	2435	1
1186849	181026	2165	0
1188134	181282	2165	0
1189079	181436	2435	1
1191385	181735	2165	0
1192670	181991	2165	0
1193615	182145	2435	1
1195921	182444	2165	0
1197206	182700	2165	0
1198151	182854	2435	1
1200457	183153	2165	0
1201742	183409	2165	0
1202687	183563	2435	1
1204993	183862	2165	0
1206278	184118	2165	0
1207223	184272	2435	1
1209529	184571	2165	0
1210814	184827	2165	0
1211759	184981	2435	1
1214065	185280	2165	0
1215350	185536	2165	0
1216295	185690	2435	1
1218601	185989	2165	0
1219886	186245	2165	0
1220831	186399	2435	1
1223137	186698	2165	0
1224422	186954	2165	0
1225367	187108	2435	1
1227673	187407	2165	0
1228958	187663	2165	0
1229903	187817	2435	1
1232209	188116	2165	0
1233494	188372	2165	0
1234439	188526	2435	1
1236745	188825	2165	0
1238030	189081	2165	0
1238975	189235	2435	1
1241281	189534	2165	0
1242566	189790	2165	0
1243511	189944	2435	1
1245817	190243	2165	0
1247102	190499	2165	0
1248047	190653	2435	1
1250353	190952	2165	0
1251638	191208	2165	0
1252583	191362	2435	1
1254889	191661	2165	0
1256174	191917	2165	0
1257119	192071	2435	1
1259425	192370	2165	0
1260710	192626	2165	0
1261655	192780	2435	1
1263961	193079	2165	0
1265246	193335	2165	0
1266191	193489	2435	1
1268497	193788	2165	0
1269782	194044	2165	0
1270727	194198	2435	1
1273033	194497	2165	0
1274318	194753	2165	0
1275263	194907	2435	1
1277569	195206	2165	0
1278854	195462	2165	0
1279799	195616	2435	1
1282105	195915	2165	0
1283390	196171	2165	0
1284335	196325	2435	1
1286641	196624	2165	0
1287926	196880	2165	0
1288871	197034	2435	1
1291177	197333	2165	0
1292462	197589	2165	0
1293407	197743	2435	1
1295713	198042	2165	0
1296998	198298	2165	0
1297943	198452	2435	1
1300249	198751	2165	0
1301534	199007	2165	0
1302479	199161	2435	1
1304785	199460	2165	0
1306070	199716	2165	0
1307015	199870	2435	1
1309321	200169	2165	0
1310606	200425	2165	0
1311551	200579	2435	1
1313857	200878	2165	0
1315142	201134	2165	0
1316087	201288	2435	1
1318393	201587	2165	0
1319678	201843	2165	0
1320623	201997	2435	1
1322929	202296	2165	0
1324214	202552	2165	0
1325159	202706	2435	1
1327465	203005	2165	0
1328750	203261	2165	0
1329695	203415	2435	1
1332001	203714	2165	0
1333286	203970	2165	0
1334231	204124	2435	1
1336537	204423	2165	0
1337822	204679	2165	0
1338767	204833	2435	1
1341073	205132	2165	0
1342358	205388	2165	0
1343303	205542	2435	1
1345609	205841	2165	0
1346894	206097	2165	0
1347839	206251	2435	1
1350145	206550	2165	0
1351430	206806	2165	0
1352375	206960	2435	1
1354681	207259	2165	0
1355966	207515	2165	0
1356911	207669	2435	1
1359217	207968	2165	0
1360502	208224	2165	0
1361447	208378	2435	1
1363753	208677	2165	0
1365038	208933	2165	0
1365983	209087	2435	1
1368289	209386	2165	0
1369574	209642	2165	0
1370519	209796	2435	1
1372825	210095	2165	0
1374110	210351	2165	0
1375055	210505	2435	1
1377361	210804	2165	0
1378646	211060	2165	0
1379591	211214	2435	1
1381897	211513	2165	0
1383182	211769	2165	0
1384127	211923	2435	1
1386433	212222	2165	0
1387718	212478	2165	0
1388663	212632	2435	1
1390969	212931	2165	0
1392254	213187	2165	0
1393199	213341	2435	1
1395505	213640	2165	0
1396790	213896	2165	0
1397735	214050	2435	1
1400041	214349	2165	0
1401326	214605	2165	0
1402271	214759	2435	1
1404577	215058	2165	0
1405862	215314	2165	0
1406807	215468	2435	1
1409113	215767	2165	0
1410398	216023	2165	0
1411343	216177	2435	1
1413649	216476	2165	0
1414934	216732	2165	0
1415879	216886	2435	1
1418185	217185	2165	0
1419470	217441	2165	0
1420415	217595	2435	1
1422721	217894	2165	0
1424006	218150	2165	0
1424951	218304	2435	1
1427257	218603	2165	0
1428542	218859	2165	0
1429487	219013	2435	1
1431793	219312	2165	0
1433078	219568	2165	0
1434023	219722	2435	1
1436329	220021	2165	0
1437614	220277	2165	0
1438559	220431	2435	1
1440865	220730	2165	0
1442150	220986	2165	0
1443095	221140	2435	1
1445401	221439	2165	0
1446686	221695	2165	0
1447631	221849	2435	1
1449937	222148	2165	0
1451222	222404	2165	0
1452167	222558	2435	1
1454473	222857	2165	0
1455758	223113	2165	0
1456703	223267	2435	1
1459009	223566	2165	0
1460294	223822	2165	0
1461239	223976	2435	1
1463545	224275	2165	0
1464830	224531	2165	0
1465775	224685	2435	1
1468081	224984	2165	0
1469366	225240	2165	0
1470311	225394	2435	1
1472617	225693	2165	0
1473902	225949	2165	0
1474847	226103	2435	1
1477153	226402	2165	0
1478438	226658	2165	0
1479383	226812	2435	1
1481689	227111	2165	0
1482974	227367	2165	0
1483919	227521	2435	1
1486225	227820	2165	0
1487510	228076	2165	0
1488455	228230	2435	1
1490761	228529	2165	0
1492046	228785	2165	0
1492991	228939	2435	1
1495297	229238	2165	0
1496582	229494	2165	0
1497527	229648	2435	1
1499833	229947	2165	0
1501118	230203	2165	0
1502063	230357	2435	1
1504369	230656	2165	0
1505654	230912	2165	0
1506599	231066	2435	1
1508905	231365	2165	0
1510190	231621	2165	0
1511135	231775	2435	1
1513441	232074	2165	0
1514726	232330	2165	0
1515671	232484	2435	1
1517977	232783	2165	0
1519262	233039	2165	0
1520207	233193	2435	1
1522513	233492	2165	0
1523798	233748	2165	0
1524743	233902	2435	1
1527049	234201	2165	0
1528334	234457	2165	0
1529279	234611	2435	1
1531585	234910	2165	0
1532870	235166	2165	0
1533815	235320	2435	1
1536121	235619	2165	0
1537406	235875	2165	0
1538351	236029	2435	1
1540657	236328	2165	0
1541942	236584	2165	0
1542887	236738	2435	1
1545193	237037	2165	0
1546478	237293	2165	0
1547423	237447	2435	1
1549729	237746	2165	0
1551014	238002	2165	0
1551959	238156	2435	1
1554265	238455	2165	0
1555550	238711	2165	0
1556495	238865	2435	1
1558801	239164	2165	0
1560086	239420	2165	0
1561031	239574	2435	1
1563337	239873	2165	0
1564622	240129	2165	0
1565567	240283	2435	1
1567873	240582	2165	0
1569158	240838	2165	0
1570103	240992	2435	1
1572409	241291	2165	0
1573694	241547	2165	0
1574639	241701	2435	1
1576945	242000	2165	0
1578230	242256	2165	0
1579175	242410	2435	1
1581481	242709	2165	0
1582766	242965	2165	0
1583711	243119	2435	1
1586017	243418	2165	0
1587302	243674	2165	0
1588247	243828	2435	1
1590553	244127	2165	0
1591838	244383	2165	0
1592783	244537	2435	1
1595089	244836	2165	0
1596374	245092	2165	0
1597319	245246	2435	1
1599625	245545	2165	0
1600910	245801	2165	0
1601855	245955	2435	1
1604161	246254	2165	0
1605446	246510	2165	0
1606391	246664	2435	1
1608697	246963	2165	0
1609982	247219	2165	0
1610927	247373	2435	1
1613233	247672	2165	0
1614518	247928	2165	0
1615463	248082	2435	1
1617769	248381	2165	0
1619054	248637	2165	0
1619999	248791	2435	1
1622305	249090	2165	0
1623590	249346	2165	0
1624535	249500	2435	1
1626841	249799	2165	0
1628126	250055	2165	0
1629071	250209	2435	1
1631377	250508	2165	0
1632662	250764	2165	0
1633607	250918	2435	1
1635913	251217	2165	0
1637198	251473	2165	0
1638143	251627	2435	1
1640449	251926	2165	0
1641734	252182	2165	0
1642679	252336	2435	1
1644985	252635	2165	0
1646270	252891	2165	0
1647215	253045	2435	1
1649521	253344	2165	0
1650806	253600	2165	0
1651751	253754	2435	1
1654057	254053	2165	0
1655342	254309	2165	0
1656287	254463	2435	1
1658593	254762	2165	0
1659878	255018	2165	0
1660823	255172	2435	1
1663129	255471	2165	0
1664414	255727	2165	0
1665359	255881	2435	1
1667665	256180	2165	0
1668950	256436	2165	0
1669895	256590	2435	1
1672201	256889	2165	0
1673486	257145	2165	0
1674431	257299	2435	1
1676737	257598	2165	0
1678022	257854	2165	0
1678967	258008	2435	1
1681273	258307	2165	0
1682558	258563	2165	0
1683503	258717	2435	1
1685809	259016	2165	0
1687094	259272	2165	0
1688039	259426	2435	1
1690345	259725	2165	0
1691630	259981	2165	0
1692575	260135	2435	1
1694881	260434	2165	0
1696166	260690	2165	0
1697111	260844	2435	1
1699417	261143	2165	0
1700702	261399	2165	0
1701647	261553	2435	1
1703953	261852	2165	0
1705238	262108	2165	0
1706183	262262	2435	1
1708489	262561	2165	0
1709774	262817	2165	0
1710719	262971	2435	1
1713025	263270	2165	0
1714310	263526	2165	0
1715255	263680	2435	1
1717561	263979	2165	0
1718846	264235	2165	0
1719791	264389	2435	1
1722097	264688	2165	0
1723382	264944	2165	0
1724327	265098	2435	1
1726633	265397	2165	0
1727918	265653	2165	0
1728863	265807	2435	1
1731169	266106	2165	0
1732454	266362	2165	0
1733399	266516	2435	1
1735705	266815	2165	0
1736990	267071	2165	0
1737935	267225	2435	1
1740241	267524	2165	0
1741526	267780	2165	0
1742471	267934	2435	1
1744777	268233	2165	0
1746062	268489	2165	0
1747007	268643	2435	1
1749313	268942	2165	0
1750598	269198	2165	0
1751543	269352	2435	1
1753849	269651	2165	0
1755134	269907	2165	0
1756079	270061	2435	1
1758385	270360	2165	0
1759670	270616	2165	0
1760615	270770	2435	1
1762921	271069	2165	0
1764206	271325	2165	0
1765151	271479	2435	1
1767457	271778	2165	0
1768742	272034	2165	0
1769687	272188	2435	1
1771993	272487	2165	0
1773278	272743	2165	0
1774223	272897	2435	1
1776529	273196	2165	0
1777814	273452	2165	0
1778759	273606	2435	1
1781065	273905	2165	0
1782350	274161	2165	0
1783295	274315	2435	1
1785601	274614	2165	0
1786886	274870	2165	0
1787831	275024	2435	1
1790137	275323	2165	0
1791422	275579	2165	0
1792367	275733	2435	1
1794673	276032	2165	0
1795958	276288	2165	0
1796903	276442	2435	1
1799209	276741	2165	0
1800494	276997	2165	0
1801439	277151	2435	1
1803745	277450	2165	0
1805030	277706	2165	0
1805975	277860	2435	1
1808281	278159	2165	0
1809566	278415	2165	0
1810511	278569	2435	1
1812817	278868	2165	0
1814102	279124	2165	0
1815047	279278	2435	1
1817353	279577	2165	0
1818638	279833	2165	0
1819583	279987	2435	1
1821889	280286	2165	0
1823174	280542	2165	0
1824119	280696	2435	1
1826425	280995	2165	0
1827710	281251	2165	0
1828655	281405	2435	1
1830961	281704	2165	0
1832246	281960	2165	0
1833191	282114	2435	1
1835497	282413	2165	0
1836782	282669	2165	0
1837727	282823	2435	1
1840033	283122	2165	0
1841318	283378	2165	0
1842263	283532	2435	1
1844569	283831	2165	0
1845854	284087	2165	0
1846799	284241	2435	1
1849105	284540	2165	0
1850390	284796	2165	0
1851335	284950	2435	1
1853641	285249	2165	0
1854926	285505	2165	0
1855871	285659	2435	1
1858177	285958	2165	0
1859462	286214	2165	0
1860407	286368	2435	1
1862713	286667	2165	0
1863998	286923	2165	0
1864943	287077	2435	1
1867249	287376	2165	0
1868534	287632	2165	0
1869479	287786	2435	1
1871785	288085	2165	0
1873070	288341	2165	0
1874015	288495	2435	1
1876321	288794	2165	0
1877606	289050	2165	0
1878551	289204	2435	1
1880857	289503	2165	0
1882142	289759	2165	0
1883087	289913	2435	1
1885393	290212	2165	0
1886678	290468	2165	0
1887623	290622	2435	1
1889929	290921	2165	0
1891214	291177	2165	0
1892159	291331	2435	1
1894465	291630	2165	0
1895750	291886	2165	0
1896695	292040	2435	1
1899001	292339	2165	0
1900286	292595	2165	0
1901231	292749	2435	1
1903537	293048	2165	0
1904822	293304	2165	0
1905767	293458	2435	1
1908073	293757	2165	0
1909358	294013	2165	0
1910303	294167	2435	1
1912609	294466	2165	0
1913894	294722	2165	0
1914839	294876	2435	1
1917145	295175	2165	0
1918430	295431	2165	0
1919375	295585	2435	1
1921681	295884	2165	0
1922966	296140	2165	0
1923911	296294	2435	1
1926217	296593	2165	0
1927502	296849	2165	0
1928447	297003	2435	1
1930753	297302	2165	0
1932038	297558	2165	0
1932983	297712	2435	1
1935289	298011	2165	0
1936574	298267	2165	0
1937519	298421	2435	1
1939825	298720	2165	0
1941110	298976	2165	0
1942055	299130	2435	1
1944361	299429	2165	0
1945646	299685	2165	0
1946591	299839	2435	1
1948897	300138	2165	0
1950182	300394	2165	0
1951127	300548	2435	1
1953433	300847	2165	0
1954718	301103	2165	0
1955663	301257	2435	1
1957969	301556	2165	0
1959254	301812	2165	0
1960199	301966	2435	1
1962505	302265	2165	0
1963790	302521	2165	0
1964735	302675	2435	1
1967041	302974	2165	0
1968326	303230	2165	0
1969271	303384	2435	1
1971577	303683	2165	0
1972862	303939	2165	0
1973807	304093	2435	1
1976113	304392	2165	0
1977398	304648	2165	0
1978343	304802	2435	1
1980649	305101	2165	0
1981934	305357	2165	0
1982879	305511	2435	1
1985185	305810	2165	0
1986470	306066	2165	0
1987415	306220	2435	1
1989721	306519	2165	0
1991006	306775	2165	0
1991951	306929	2435	1
1994257	307228	2165	0
1995542	307484	2165	0
1996487	307638	2435	1
1998793	307937	2165	0
2000078	308193	2165	0
2001023	308347	2435	1
2003329	308646	2165	0
2004614	308902	2165	0
2005559	309056	2435	1
2007865	309355	2165	0
2009150	309611	2165	0
2010095	309765	2435	1
2012401	310064	2165	0
2013686	310320	2165	0
2014631	310474	2435	1
2016937	310773	2165	0
2018222	311029	2165	0
2019167	311183	2435	1
2021473	311482	2165	0
2022758	311738	2165	0
2023703	311892	2435	1
2026009	312191	2165	0
2027294	312447	2165	0
2028239	312601	2435	1
2030545	312900	2165	0
2031830	313156	2165	0
2032775	313310	2435	1
2035081	313609	2165	0
2036366	313865	2165	0
2037311	314019	2435	1
2039617	314318	2165	0
2040902	314574	2165	0
2041847	314728	2435	1
2044153	315027	2165	0
2045438	315283	2165	0
2046383	315437	2435	1
2048689	315736	2165	0
2049974	315992	2165	0
2050919	316146	2435	1
2053225	316445	2165	0
2054510	316701	2165	0
2055455	316855	2435	1
2057761	317154	2165	0
2059046	317410	2165	0
2059991	317564	2435	1
2062297	317863	2165	0
2063582	318119	2165	0
2064527	318273	2435	1
2066833	318572	2165	0
2068118	318828	2165	0
2069063	318982	2435	1
2071369	319281	2165	0
2072654	319537	2165	0
2073599	319691	2435	1
2075905	319990	2165	0
2077190	320246	2165	0
2078135	320400	2435	1
2080441	320699	2165	0
2081726	320955	2165	0
2082671	321109	2435	1
2084977	321408	2165	0
2086262	321664	2165	0
2087207	321818	2435	1
2089513	322117	2165	0
2090798	322373	2165	0
2091743	322527	2435	1
2094049	322826	2165	0
2095334	323082	2165	0
2096279	323236	2435	1
2098585	323535	2165	0
2099870	323791	2165	0
2100815	323945	2435	1
2103121	324244	2165	0
2104406	324500	2165	0
2105351	324654	2435	1
2107657	324953	2165	0
2108942	325209	2165	0
2109887	325363	2435	1
2112193	325662	2165	0
2113478	325918	2165	0
2114423	326072	2435	1
2116729	326371	2165	0
2118014	326627	2165	0
2118959	326781	2435	1
2121265	327080	2165	0
2122550	327336	2165	0
2123495	327490	2435	1
2125801	327789	2165	0
2127086	328045	2165	0
2128031	328199	2435	1
2130337	328498	2165	0
2131622	328754	2165	0
2132567	328908	2435	1
2134873	329207	2165	0
2136158	329463	2165	0
2137103	329617	2435	1
2139409	329916	2165	0
2140694	330172	2165	0
2141639	330326	2435	1
2143945	330625	2165	0
2145230	330881	2165	0
2146175	331035	2435	1
2148481	331334	2165	0
2149766	331590	2165	0
2150711	331744	2435	1
2153017	332043	2165	0
2154302	332299	2165	0
2155247	332453	2435	1
2157553	332752	2165	0
2158838	333008	2165	0
2159783	333162	2435	1
2162089	333461	2165	0
2163374	333717	2165	0
2164319	333871	2435	1
2166625	334170	2165	0
2167910	334426	2165	0
2168855	334580	2435	1
2171161	334879	2165	0
2172446	335135	2165	0
2173391	335289	2435	1
2175697	335588	2165	0
2176982	335844	2165	0
2177927	335998	2435	1
2180233	336297	2165	0
2181518	336553	2165	0
2182463	336707	2435	1
2184769	337006	2165	0
2186054	337262	2165	0
2186999	337416	2435	1
2189305	337715	2165	0
2190590	337971	2165	0
2191535	338125	2435	1
2193841	338424	2165	0
2195126	338680	2165	0
2196071	338834	2435	1
2198377	339133	2165	0
2199662	339389	2165	0
2200607	339543	2435	1
2202913	339842	2165	0
2204198	340098	2165	0
2205143	340252	2435	1
2207449	340551	2165	0
2208734	340807	2165	0
2209679	340961	2435	1
2211985	341260	2165	0
2213270	341516	2165	0
2214215	341670	2435	1
2216521	341969	2165	0
2217806	342225	2165	0
2218751	342379	2435	1
2221057	342678	2165	0
2222342	342934	2165	0
2223287	343088	2435	1
2225593	343387	2165	0
2226878	343643	2165	0
2227823	343797	2435	1
2230129	344096	2165	0
2231414	344352	2165	0
2232359	344506	2435	1
2234665	344805	2165	0
2235950	345061	2165	0
2236895	345215	2435	1
2239201	345514	2165	0
2240486	345770	2165	0
2241431	345924	2435	1
2243737	346223	2165	0
2245022	346479	2165	0
2245967	346633	2435	1
2248273	346932	2165	0
2249558	347188	2165	0
2250503	347342	2435	1
2252809	347641	2165	0
2254094	347897	2165	0
2255039	348051	2435	1
2257345	348350	2165	0
2258630	348606	2165	0
2259575	348760	2435	1
2261881	349059	2165	0
2263166	349315	2165	0
2264111	349469	2435	1
2266417	349768	2165	0
2267702	350024	2165	0
2268647	350178	2435	1
2270953	350477	2165	0
2272238	350733	2165	0
2273183	350887	2435	1
2275489	351186	2165	0
2276774	351442	2165	0
2277719	351596	2435	1
2280025	351895	2165	0
2281310	352151	2165	0
2282255	352305	2435	1
2284561	352604	2165	0
2285846	352860	2165	0
2286791	353014	2435	1
2289097	353313	2165	0
2290382	353569	2165	0
2291327	353723	2435	1
2293633	354022	2165	0
2294918	354278	2165	0
2295863	354432	2435	1
2298169	354731	2165	0
2299454	354987	2165	0
2300399	355141	2435	1
2302705	355440	2165	0
2303990	355696	2165	0
2304935	355850	2435	1
2307241	356149	2165	0
2308526	356405	2165	0
2309471	356559	2435	1
2311777	356858	2165	0
2313062	357114	2165	0
2314007	357268	2435	1
2316313	357567	2165	0
2317598	357823	2165	0
2318543	357977	2435	1
2320849	358276	2165	0
2322134	358532	2165	0
2323079	358686	2435	1
2325385	358985	2165	0
2326670	359241	2165	0
2327615	359395	2435	1
2329921	359694	2165	0
2331206	359950	2165	0
2332151	360104	2435	1
2334457	360403	2165	0
2335742	360659	2165	0
2336687	360813	2435	1
2338993	361112	2165	0
2340278	361368	2165	0
2341223	361522	2435	1
2343529	361821	2165	0
2344814	362077	2165	0
2345759	362231	2435	1
2348065	362530	2165	0
2349350	362786	2165	0
2350295	362940	2435	1
2352601	363239	2165	0
2353886	363495	2165	0
2354831	363649	2435	1
2357137	363948	2165	0
2358422	364204	2165	0
2359367	364358	2435	1
2361673	364657	2165	0
2362958	364913	2165	0
2363903	365067	2435	1
2366209	365366	2165	0
2367494	365622	2165	0
2368439	365776	2435	1
2370745	366075	2165	0
2372030	366331	2165	0
2372975	366485	2435	1
2375281	366784	2165	0
2376566	367040	2165	0
2377511	367194	2435	1
2379817	367493	2165	0
2381102	367749	2165	0
2382047	367903	2435	1
2384353	368202	2165	0
2385638	368458	2165	0
2386583	368612	2435	1
2388889	368911	2165	0
2390174	369167	2165	0
2391119	369321	2435	1
2393425	369620	2165	0
2394710	369876	2165	0
2395655	370030	2435	1
2397961	370329	2165	0
2399246	370585	2165	0
2400191	370739	2435	1
2402497	371038	2165	0
2403782	371294	2165	0
2404727	371448	2435	1
2407033	371747	2165	0
2408318	372003	2165	0
2409263	372157	2435	1
2411569	372456	2165	0
2412854	372712	2165	0
2413799	372866	2435	1
2416105	373165	2165	0
2417390	373421	2165	0
2418335	373575	2435	1
2420641	373874	2165	0
2421926	374130	2165	0
2422871	374284	2435	1
2427268	374903	2165	0
2428567	375161	2165	0
2429512	375315	2435	1
2433931	375938	2165	0
2435244	376198	2165	0
2436189	376352	2435	1
2440630	376979	2165	0
2441957	377241	2165	0
2442902	377395	2435	1
2447349	378024	2165	0
2448662	378284	2165	0
2449607	378438	2435	1
2454023	379061	2165	0
2455350	379323	2165	0
2456295	379477	2435	1
2460733	380104	2165	0
2462074	380368	2165	0
2463019	380522	2435	1
2467479	381153	2165	0
2468834	381419	2165	0
2469779	381573	2435	1
2474245	382206	2165	0
2475586	382470	2165	0
2476531	382624	2435	1
2480966	383251	2165	0
2482321	383517	2165	0
2483266	383671	2435	1
2487723	384302	2165	0
2489092	384570	2165	0
2490037	384724	2435	1
2494500	385357	2165	0
2495855	385623	2165	0
2496800	385777	2435	1
2501232	386404	2165	0
2502601	386672	2165	0
2503546	386826	2435	1
2507984	387455	2165	0
2509339	387721	2165	0
2510284	387875	2435	1
2514691	388498	2165	0
2516060	388766	2165	0
2517005	388920	2435	1
2521418	389545	2165	0
2522773	389811	2165	0
2523718	389965	2435	1
2528100	390584	2165	0
2529469	390852	2165	0
2530414	391006	2435	1
2534818	391629	2165	0
2536201	391899	2165	0
2537146	392053	2435	1
2541556	392678	2165	0
2542925	392946	2165	0
2543870	393100	2435	1
2548249	393719	2165	0
2549632	393989	2165	0
2550577	394143	2435	1
2554962	394764	2165	0
2556331	395032	2165	0
2557276	395186	2435	1
2561630	395801	2165	0
2563013	396071	2165	0
2563958	396225	2435	1
2568318	396842	2165	0
2569687	397110	2165	0
2570632	397264	2435	1
2574961	397875	2165	0
2576344	398145	2165	0
2577289	398299	2435	1
2581624	398912	2165	0
2582993	399180	2165	0
2583938	399334	2435	1
2588242	399941	2165	0
2589625	400211	2165	0
2590570	400365	2435	1
2594896	400976	2165	0
2596293	401248	2165	0
2597238	401402	2435	1
2601570	402015	2165	0
2602953	402285	2165	0
2603898	402439	2435	1
2608199	403046	2165	0
2609596	403318	2165	0
2610541	403472	2435	1
2614848	404081	2165	0
2616231	404351	2165	0
2617176	404505	2435	1
2621452	405108	2165	0
2622849	405380	2165	0
2623794	405534	2435	1
2628092	406141	2165	0
2629503	406415	2165	0
2630448	406569	2435	1
2634768	407180	2165	0
2636193	407456	2165	0
2637138	407610	2435	1
2641464	408223	2165	0
2642875	408497	2165	0
2643820	408651	2435	1
2648115	409258	2165	0
2649540	409534	2165	0
2650485	409688	2435	1
2655112	410361	2165	0
2656217	410573	2165	0
2657162	410727	2435	1
2661485	411340	2165	0
2662910	411616	2165	0
2663855	411770	2435	1
2668457	412439	2165	0
2669562	412651	2165	0
2670507	412805	2435	1
2675121	413476	2165	0
2676226	413688	2165	0
2677171	413842	2435	1
2681801	414517	2165	0
2682906	414729	2165	0
2683851	414883	2435	1
2688440	415550	2165	0
2689545	415762	2165	0
2690490	415916	2435	1
2695091	416585	2165	0
2696196	416797	2165	0
2697141	416951	2435	1
2701758	417624	2165	0
2702863	417836	2165	0
2703808	417990	2435	1
2708384	418655	2165	0
2709489	418867	2165	0
2710434	419021	2435	1
2715026	419690	2165	0
2716131	419902	2165	0
2717076	420056	2435	1
2721627	420717	2165	0
2722732	420929	2165	0
2723677	421083	2435	1
2728240	421746	2165	0
2729345	421958	2165	0
2730290	422112	2435	1
2734869	422779	2165	0
2735974	422991	2165	0
2736919	423145	2435	1
2741457	423804	2165	0
2742562	424016	2165	0
2743507	424170	2435	1
2748061	424833	2165	0
2749166	425045	2165	0
2750111	425199	2435	1
2754624	425854	2165	0
2755729	426066	2165	0
2756674	426220	2435	1
2761199	426877	2165	0
2762304	427089	2165	0
2763249	427243	2435	1
2767786	427902	2165	0
2768891	428114	2165	0
2769836	428268	2435	1
2774389	428931	2165	0
2775494	429143	2165	0
2776439	429297	2435	1
2780951	429952	2165	0
2782056	430164	2165	0
2783001	430318	2435	1
2787525	430975	2165	0
2788630	431187	2165	0
2789575	431341	2435	1
2794115	432002	2165	0
2795220	432214	2165	0
2796165	432368	2435	1
2800664	433021	2165	0
2801769	433233	2165	0
2802714	433387	2435	1
2807229	434044	2165	0
2808334	434256	2165	0
2809279	434410	2435	1
2813753	435059	2165	0
2814858	435271	2165	0
2815803	435425	2435	1
2820293	436078	2165	0
2821398	436290	2165	0
2822343	436444	2435	1
2826792	437089	2165	0
2827897	437301	2165	0
2828842	437455	2435	1
2833303	438102	2165	0
2834408	438314	2165	0
2835353	438468	2435	1
2839830	439119	2165	0
2840935	439331	2165	0
2841880	439485	2435	1
2846316	440128	2165	0
2847421	440340	2165	0
2848366	440494	2435	1
2852818	441141	2165	0
2853923	441353	2165	0
2854868	441507	2435	1
2859279	442146	2165	0
2860384	442358	2165	0
2861329	442512	2435	1
2865752	443153	2165	0
2866857	443365	2165	0
2867802	443519	2435	1
2872241	444164	2165	0
2873346	444376	2165	0
2874291	444530	2435	1
2878689	445167	2165	0
2879794	445379	2165	0
2880739	445533	2435	1
2885149	446172	2165	0
2886254	446384	2165	0
2887199	446538	2435	1
2891625	447181	2165	0
2892730	447393	2165	0
2893675	447547	2435	1
2898060	448182	2165	0
2899165	448394	2165	0
2900110	448548	2435	1
2904511	449187	2165	0
2905616	449399	2165	0
2906561	449553	2435	1
2910921	450184	2165	0
2912026	450396	2165	0
2912971	450550	2435	1
2917343	451183	2165	0
2918448	451395	2165	0
2919393	451549	2435	1
2923777	452184	2165	0
2924882	452396	2165	0
2925827	452550	2435	1
2930223	453187	2165	0
2931328	453399	2165	0
2932273	453553	2435	1
2936685	454194	2165	0
2937790	454406	2165	0
2938735	454560	2435	1
2943106	455193	2165	0
2944211	455405	2165	0
2945156	455559	2435	1
2949543	456196	2165	0
2950648	456408	2165	0
2951593	456562	2435	1
2955939	457191	2165	0
2957044	457403	2165	0
2957989	457557	2435	1
2962347	458188	2165	0
2963452	458400	2165	0
2964397	458554	2435	1
2968771	459189	2165	0
2969876	459401	2165	0
2970821	459555	2435	1
2975154	460182	2165	0
2976259	460394	2165	0
2977204	460548	2435	1
2981553	461179	2165	0
2982658	461391	2165	0
2983603	461545	2435	1
2987911	462168	2165	0
2989016	462380	2165	0
2989961	462534	2435	1
2994281	463159	2165	0
2995386	463371	2165	0
2996331	463525	2435	1
3000667	464154	2165	0
3001772	464366	2165	0
3002717	464520	2435	1
3007012	465141	2165	0
3008117	465353	2165	0
3009062	465507	2435	1
3013369	466130	2165	0
3014474	466342	2165	0
3015419	466496	2435	1
3019738	467121	2165	0
3020843	467333	2165	0
3021788	467487	2435	1
3026123	468116	2165	0
3027228	468328	2165	0
3028173	468482	2435	1
3032467	469103	2165	0
3033572	469315	2165	0
3034517	469469	2435	1
3038827	470094	2165	0
3039932	470306	2165	0
3040877	470460	2435	1
3045146	471077	2165	0
3046251	471289	2165	0
3047196	471443	2435	1
3051481	472064	2165	0
3052586	472276	2165	0
3053531	472430	2435	1
3057775	473043	2165	0
3058880	473255	2165	0
3059825	473409	2435	1
3064081	474024	2165	0
3065186	474236	2165	0
3066131	474390	2435	1
3070399	475007	2165	0
3071504	475219	2165	0
3072449	475373	2435	1
3076733	475994	2165	0
3077838	476206	2165	0
3078783	476360	2435	1
3083026	476973	2165	0
3084131	477185	2165	0
3085076	477339	2435	1
3089335	477956	2165	0
3090440	478168	2165	0
3091385	478322	2435	1
3095603	478931	2165	0
3096708	479143	2165	0
3097653	479297	2435	1
3101887	479910	2165	0
3102992	480122	2165	0
3103937	480276	2435	1
3108130	480881	2165	0
3109235	481093	2165	0
3110180	481247	2435	1
3114389	481856	2165	0
3115494	482068	2165	0
3116439	482222	2435	1
3120607	482823	2165	0
3121712	483035	2165	0
3122657	483189	2435	1
3126841	483794	2165	0
3127946	484006	2165	0
3128891	484160	2435	1
3133034	484757	2165	0
3134139	484969	2165	0
3135084	485123	2435	1
3139243	485724	2165	0
3140348	485936	2165	0
3141293	486090	2435	1
3145411	486683	2165	0
3146516	486895	2165	0
3147461	487049	2435	1
3151591	487644	2165	0
3152696	487856	2165	0
3153641	488010	2435	1
3157783	488607	2165	0
3158888	488819	2165	0
3159833	488973	2435	1
3163987	489572	2165	0
3165092	489784	2165	0
3166037	489938	2435	1
3170207	490541	2165	0
3171312	490753	2165	0
3172257	490907	2435	1
3176386	491502	2165	0
3177491	491714	2165	0
3178436	491868	2435	1
3182581	492467	2165	0
3183686	492679	2165	0
3184631	492833	2435	1
3188735	493424	2165	0
3189840	493636	2165	0
3190785	493790	2435	1
3194905	494385	2165	0
3196010	494597	2165	0
3196955	494751	2435	1
3201034	495338	2165	0
3202139	495550	2165	0
3203084	495704	2435	1
3207179	496295	2165	0
3208284	496507	2165	0
3209229	496661	2435	1
3213283	497244	2165	0
3214388	497456	2165	0
3215333	497610	2435	1
3219403	498197	2165	0
3220508	498409	2165	0
3221453	498563	2435	1
3225482	499142	2165	0
3226587	499354	2165	0
3227532	499508	2435	1
3231573	500089	2165	0
3232678	500301	2165	0
3233623	500455	2435	1
3237676	501038	2165	0
3238781	501250	2165	0
3239726	501404	2435	1
3243795	501991	2165	0
3244900	502203	2165	0
3245845	502357	2435	1
3249873	502936	2165	0
3250978	503148	2165	0
3251923	503302	2435	1
3255967	503885	2165	0
3257072	504097	2165	0
3258017	504251	2435	1
3262020	504826	2165	0
3263125	505038	2165	0
3264070	505192	2435	1
3268089	505771	2165	0
3269194	505983	2165	0
3270139	506137	2435	1
3274117	506706	2165	0
3275222	506918	2165	0
3276167	507072	2435	1
3280161	507647	2165	0
3281266	507859	2165	0
3282211	508013	2435	1
3286176	508580	2165	0
3287281	508792	2165	0
3288226	508946	2435	1
3292191	509513	2165	0
3293296	509725	2165	0
3294241	509879	2435	1
3298222	510452	2165	0
3299327	510664	2165	0
3300272	510818	2435	1
3304224	511383	2165	0
3305329	511595	2165	0
3306274	511749	2435	1
3310226	512314	2165	0
3311331	512526	2165	0
3312276	512680	2435	1
3316244	513251	2165	0
3317349	513463	2165	0
3318294	513617	2435	1
3322233	514180	2165	0
3323338	514392	2165	0
3324283	514546	2435	1
3328222	515109	2165	0
3329327	515321	2165	0
3330272	515475	2435	1
3334227	516044	2165	0
3335332	516256	2165	0
3336277	516410	2435	1
3340203	516971	2165	0
3341308	517183	2165	0
3342253	517337	2435	1
3346183	517900	2165	0
3347288	518112	2165	0
3348233	518266	2435	1
3352146	518825	2165	0
3353251	519037	2165	0
3354196	519191	2435	1
3358109	519750	2165	0
3359214	519962	2165	0
3360159	520116	2435	1
3364076	520677	2165	0
3365181	520889	2165	0
3366126	521043	2435	1
3370026	521600	2165	0
3371131	521812	2165	0
3372076	521966	2435	1
3375980	522525	2165	0
3377085	522737	2165	0
3378030	522891	2435	1
3381917	523446	2165	0
3383022	523658	2165	0
3383967	523812	2435	1
3387854	524367	2165	0
3388959	524579	2165	0
3389904	524733	2435	1
3393791	525288	2165	0
3394896	525500	2165	0
3395841	525654	2435	1
3399732	526211	2165	0
3400837	526423	2165	0
3401782	526577	2435	1
3405656	527130	2165	0
3406761	527342	2165	0
3407706	527496	2435	1
3411580	528049	2165	0
3412685	528261	2165	0
3413630	528415	2435	1
3417508	528970	2165	0
3418613	529182	2165	0
3419558	529336	2435	1
3423419	529887	2165	0
3424524	530099	2165	0
3425469	530253	2435	1
3429334	530806	2165	0
3430439	531018	2165	0
3431384	531172	2435	1
3435232	531721	2165	0
3436337	531933	2165	0
3437282	532087	2435	1
3441134	532638	2165	0
3442239	532850	2165	0
3443184	533004	2435	1
3447019	533551	2165	0
3448124	533763	2165	0
3449069	533917	2435	1
3452904	534464	2165	0
3454009	534676	2165	0
3454954	534830	2435	1
3457959	535211	2165	0
3458838	535385	2165	0
3459933	535595	2165	0
3460878	535749	2435	1
3464717	536298	2165	0
3465822	536510	2165	0
3466767	536664	2435	1
3469759	537043	2165	0
3470638	537217	2165	0
3471733	537427	2165	0
3472678	537581	2435	1
3476504	538128	2165	0
3477609	538340	2165	0
3478554	538494	2435	1
3482367	539039	2165	0
3483472	539251	2165	0
3484417	539405	2435	1
3488213	539946	2165	0
3489318	540158	2165	0
3490263	540312	2435	1
3493229	540687	2165	0
3494108	540861	2165	0
3495203	541071	2165	0
3496148	541225	2435	1
3499134	541604	2165	0
3500039	541782	2165	0
3501124	541990	2165	0
3502069	542144	2435	1
3505039	542521	2165	0
3505918	542695	2165	0
3507013	542905	2165	0
3507958	543059	2435	1
3510931	543436	2165	0
3511836	543614	2165	0
3512921	543822	2165	0
3513866	543976	2435	1
3516823	544351	2165	0
3517702	544525	2165	0
3518797	544735	2165	0
3519742	544889	2435	1
3522702	545264	2165	0
3523607	545442	2165	0
3524692	545650	2165	0
3525637	545804	2435	1
3528581	546177	2165	0
3529460	546351	2165	0
3530555	546561	2165	0
3531500	546715	2435	1
3534447	547088	2165	0
3535352	547266	2165	0
3536437	547474	2165	0
3537382	547628	2435	1
3540313	547999	2165	0
3541192	548173	2165	0
3542287	548383	2165	0
3543232	548537	2435	1
3546166	548908	2165	0
3547071	549086	2165	0
3548156	549294	2165	0
3549101	549448	2435	1
3552055	549823	2165	0
3552986	550005	2165	0
3554061	550211	2165	0
3555006	550365	2435	1
3557944	550738	2165	0
3558849	550916	2165	0
3559934	551124	2165	0
3560879	551278	2435	1
3563820	551651	2165	0
3564751	551833	2165	0
3565826	552039	2165	0
3566771	552193	2435	1
3569696	552564	2165	0
3570601	552742	2165	0
3571686	552950	2165	0
3572631	553104	2435	1
3575559	553475	2165	0
3576490	553657	2165	0
3577565	553863	2165	0
3578510	554017	2435	1
3581422	554386	2165	0
3582327	554564	2165	0
3583412	554772	2165	0
3584357	554926	2435	1
3587272	555295	2165	0
3588203	555477	2165	0
3589278	555683	2165	0
3590223	555837	2435	1
3593158	556210	2165	0
3594115	556396	2165	0
3595180	556600	2165	0
3596125	556754	2435	1
3599044	557125	2165	0
3599975	557307	2165	0
3601050	557513	2165	0
3601995	557667	2435	1
3604881	558032	2165	0
3605786	558210	2165	0
3606871	558418	2165	0
3607816	558572	2435	1
3610705	558937	2165	0
3611636	559119	2165	0
3612711	559325	2165	0
3613656	559479	2435	1
3616529	559842	2165	0
3617434	560020	2165	0
3618519	560228	2165	0
3619464	560382	2435	1
3622340	560745	2165	0
3623271	560927	2165	0
3624346	561133	2165	0
3625291	561287	2435	1
3628187	561654	2165	0
3629144	561840	2165	0
3630209	562044	2165	0
3631154	562198	2435	1
3634034	562563	2165	0
3634965	562745	2165	0
3636040	562951	2165	0
3636985	563105	2435	1
3639868	563470	2165	0
3640825	563656	2165	0
3641890	563860	2165	0
3642835	564014	2435	1
3645738	564383	2165	0
3646721	564573	2165	0
3647776	564775	2165	0
3648721	564929	2435	1
3651608	565296	2165	0
3652565	565482	2165	0
3653630	565686	2165	0
3654575	565840	2435	1
3657465	566207	2165	0
3658448	566397	2165	0
3659503	566599	2165	0
3660448	566753	2435	1
3663322	567118	2165	0
3664279	567304	2165	0
3665344	567508	2165	0
3666289	567662	2435	1
3669166	568027	2165	0
3670149	568217	2165	0
3671204	568419	2165	0
3672149	568573	2435	1
3675046	568942	2165	0
3676055	569136	2165	0
3677100	569336	2165	0
3678045	569490	2435	1
3680926	569857	2165	0
3681909	570047	2165	0
3682964	570249	2165	0
3683909	570403	2435	1
3686793	570770	2165	0
3687802	570964	2165	0
3688847	571164	2165	0
3689792	571318	2435	1
3692696	571689	2165	0
3693731	571887	2165	0
3694766	572085	2165	0
3695711	572239	2435	1
3698599	572608	2165	0
3699608	572802	2165	0
3700653	573002	2165	0
3701598	573156	2435	1
3704489	573525	2165	0
3705524	573723	2165	0
3706559	573921	2165	0
3707504	574075	2435	1
3710675	574500	2165	0
3711570	574670	2165	0
3712465	574840	2165	0
3713410	574994	2435	1
3716305	575365	2165	0
3717340	575563	2165	0
3718375	575761	2165	0
3719320	575915	2435	1
3722478	576338	2165	0
3723373	576508	2165	0
3724268	576678	2165	0
3725213	576832	2435	1
3728371	577255	2165	0
3729266	577425	2165	0
3730161	577595	2165	0
3731106	577749	2435	1
3734268	578174	2165	0
3735163	578344	2165	0
3736058	578514	2165	0
3737003	578668	2435	1
3740148	579089	2165	0
3741043	579259	2165	0
3741938	579429	2165	0
3742883	579583	2435	1
3746032	580006	2165	0
3746927	580176	2165	0
3747822	580346	2165	0
3748767	580500	2435	1
3751899	580919	2165	0
3752794	581089	2165	0
3753689	581259	2165	0
3754634	581413	2435	1
3757766	581832	2165	0
3758661	582002	2165	0
3759556	582172	2165	0
3760501	582326	2435	1
3763637	582747	2165	0
3764532	582917	2165	0
3765427	583087	2165	0
3766372	583241	2435	1
3769491	583658	2165	0
3770386	583828	2165	0
3771281	583998	2165	0
3772226	584152	2435	1
3775345	584569	2165	0
3776240	584739	2165	0
3777135	584909	2165	0
3778080	585063	2435	1
3781199	585480	2165	0
3782094	585650	2165	0
3782989	585820	2165	0
3783934	585974	2435	1
3787057	586393	2165	0
3787952	586563	2165	0
3788847	586733	2165	0
3789792	586887	2435	1
3792898	587302	2165	0
3793793	587472	2165	0
3794688	587642	2165	0
3795633	587796	2435	1
3798743	588213	2165	0
3799638	588383	2165	0
3800533	588553	2165	0
3801478	588707	2435	1
3804571	589120	2165	0
3805466	589290	2165	0
3806361	589460	2165	0
3807306	589614	2435	1
3810403	590029	2165	0
3811298	590199	2165	0
3812193	590369	2165	0
3813138	590523	2435	1
3816218	590934	2165	0
3817113	591104	2165	0
3818008	591274	2165	0
3818953	591428	2435	1
3822033	591839	2165	0
3822928	592009	2165	0
3823823	592179	2165	0
3824768	592333	2435	1
3827852	592746	2165	0
3828747	592916	2165	0
3829642	593086	2165	0
3830587	593240	2435	1
3833654	593649	2165	0
3834549	593819	2165	0
3835444	593989	2165	0
3836389	594143	2435	1
3839460	594554	2165	0
3840355	594724	2165	0
3841250	594894	2165	0
3842195	595048	2435	1
3845249	595455	2165	0
3846144	595625	2165	0
3847039	595795	2165	0
3847984	595949	2435	1
3851042	596358	2165	0
3851937	596528	2165	0
3852832	596698	2165	0
3853777	596852	2435	1
3856818	597257	2165	0
3857713	597427	2165	0
3858608	597597	2165	0
3859553	597751	2435	1
3862598	598158	2165	0
3863493	598328	2165	0
3864388	598498	2165	0
3865333	598652	2435	1
3868361	599055	2165	0
3869256	599225	2165	0
3870151	599395	2165	0
3871096	599549	2435	1
3874128	599954	2165	0
3875023	600124	2165	0
3875918	600294	2165	0
3876863	600448	2435	1
3879878	600849	2165	0
3880773	601019	2165	0
3881668	601189	2165	0
3882613	601343	2435	1
3885632	601746	2165	0
3886527	601916	2165	0
3887422	602086	2165	0
3888367	602240	2435	1
3891369	602639	2165	0
3892264	602809	2165	0
3893159	602979	2165	0
3894104	603133	2435	1
3897106	603532	2165	0
3898001	603702	2165	0
3898896	603872	2165	0
3899841	604026	2435	1
3902847	604427	2165	0
3903742	604597	2165	0
3904637	604767	2165	0
3905582	604921	2435	1
3908571	605318	2165	0
3909466	605488	2165	0
3910361	605658	2165	0
3911306	605812	2435	1
3914295	606209	2165	0
3915190	606379	2165	0
3916085	606549	2165	0
3917030	606703	2435	1
3920023	607102	2165	0
3920918	607272	2165	0
3921813	607442	2165	0
3922758	607596	2435	1
3925734	607991	2165	0
3926629	608161	2165	0
3927524	608331	2165	0
3928469	608485	2435	1
3931449	608882	2165	0
3932344	609052	2165	0
3933239	609222	2165	0
3934184	609376	2435	1
3937147	609769	2165	0
3938042	609939	2165	0
3938937	610109	2165	0
3939882	610263	2435	1
3942845	610656	2165	0
3943740	610826	2165	0
3944635	610996	2165	0
3945580	611150	2435	1
3948547	611545	2165	0
3949442	611715	2165	0
3950337	611885	2165	0
3951282	612039	2435	1
3954232	612430	2165	0
3955127	612600	2165	0
3956022	612770	2165	0
3956967	612924	2435	1
3959921	613317	2165	0
3960816	613487	2165	0
3961711	613657	2165	0
3962656	613811	2435	1
3965593	614200	2165	0
3966488	614370	2165	0
3967383	614540	2165	0
3968328	614694	2435	1
3971265	615083	2165	0
3972160	615253	2165	0
3973055	615423	2165	0
3974000	615577	2435	1
3976937	615966	2165	0
3977832	616136	2165	0
3978727	616306	2165	0
3979672	616460	2435	1
3982613	616851	2165	0
3983508	617021	2165	0
3984403	617191	2165	0
3985348	617345	2435	1
3988272	617732	2165	0
3989167	617902	2165	0
3990062	618072	2165	0
3991007	618226	2435	1
3993935	618615	2165	0
3994830	618785	2165	0
3995725	618955	2165	0
3996670	619109	2435	1
3999581	619494	2165	0
4000476	619664	2165	0
4001371	619834	2165	0
4002316	619988	2435	1
4005231	620375	2165	0
4006126	620545	2165	0
4007021	620715	2165	0
4007966	620869	2435	1
4010864	621252	2165	0
4011759	621422	2165	0
4012654	621592	2165	0
4013599	621746	2435	1
4016497	622129	2165	0
4017392	622299	2165	0
4018287	622469	2165	0
4019232	622623	2435	1
4022134	623008	2165	0
4023029	623178	2165	0
4023924	623348	2165	0
4024869	623502	2435	1
4027754	623883	2165	0
4028649	624053	2165	0
4029544	624223	2165	0
4030489	624377	2435	1
4033374	624758	2165	0
4034269	624928	2165	0
4035164	625098	2165	0
4036109	625252	2435	1
4038998	625635	2165	0
4039893	625805	2165	0
4040788	625975	2165	0
4041733	626129	2435	1
4044605	626508	2165	0
4045500	626678	2165	0
4046395	626848	2165	0
4047340	627002	2435	1
4050216	627383	2165	0
4051111	627553	2165	0
4052006	627723	2165	0
4052951	627877	2435	1
4055810	628254	2165	0
4056705	628424	2165	0
4057600	628594	2165	0
4058545	628748	2435	1
4061408	629127	2165	0
4062303	629297	2165	0
4063198	629467	2165	0
4064143	629621	2435	1
4066989	629996	2165	0
4067884	630166	2165	0
4068779	630336	2165	0
4069724	630490	2435	1
4072570	630865	2165	0
4073465	631035	2165	0
4074360	631205	2165	0
4075305	631359	2435	1
4078155	631736	2165	0
4079050	631906	2165	0
4079945	632076	2165	0
4080890	632230	2435	1
4083723	632603	2165	0
4084618	632773	2165	0
4085513	632943	2165	0
4086458	633097	2435	1
4089295	633472	2165	0
4090190	633642	2165	0
4091085	633812	2165	0
4092030	633966	2435	1
4094850	634337	2165	0
4095745	634507	2165	0
4096640	634677	2165	0
4097585	634831	2435	1
4100409	635204	2165	0
4101304	635374	2165	0
4102199	635544	2165	0
4103144	635698	2435	1
4105951	636067	2165	0
4106846	636237	2165	0
4107741	636407	2165	0
4108686	636561	2435	1
4110883	636808	2165	0
4111552	636940	2165	0
4112437	637108	2165	0
4113322	637276	2165	0
4114267	637430	2435	1
4117078	637801	2165	0
4117973	637971	2165	0
4118868	638141	2165	0
4119813	638295	2435	1
4121997	638540	2165	0
4122666	638672	2165	0
4123551	638840	2165	0
4124436	639008	2165	0
4125381	639162	2435	1
4128179	639531	2165	0
4129074	639701	2165	0
4129969	639871	2165	0
4130914	640025	2435	1
4133085	640268	2165	0
4133754	640400	2165	0
4134639	640568	2165	0
4135524	640736	2165	0
4136469	640890	2435	1
4139254	641257	2165	0
4140149	641427	2165	0
4141044	641597	2165	0
4141989	641751	2435	1
4144147	641992	2165	0
4144816	642124	2165	0
4145701	642292	2165	0
4146586	642460	2165	0
4147531	642614	2435	1
4149719	642861	2165	0
4150426	642999	2165	0
4151301	643165	2165	0
4152176	643331	2165	0
4153121	643485	2435	1
4155283	643728	2165	0
4155952	643860	2165	0
4156837	644028	2165	0
4157722	644196	2165	0
4158667	644350	2435	1
4160842	644595	2165	0
4161549	644733	2165	0
4162424	644899	2165	0
4163299	645065	2165	0
4164244	645219	2435	1
4166449	645470	2165	0
4167194	645614	2165	0
4168059	645778	2165	0
4168924	645942	2165	0
4169869	646096	2435	1
4172104	646353	2165	0
4172887	646503	2165	0
4173742	646665	2165	0
4174597	646827	2165	0
4175542	646981	2435	1
4177751	647234	2165	0
4178496	647378	2165	0
4179361	647542	2165	0
4180226	647706	2165	0
4181171	647860	2435	1
4183393	648115	2165	0
4184176	648265	2165	0
4185031	648427	2165	0
4185886	648589	2165	0
4186831	648743	2435	1
4189027	648994	2165	0
4189772	649138	2165	0
4190637	649302	2165	0
4191502	649466	2165	0
4192447	649620	2435	1
4194656	649873	2165	0
4195439	650023	2165	0
4196294	650185	2165	0
4197149	650347	2165	0
4198094	650501	2435	1
4200333	650760	2165	0
4201154	650916	2165	0
4201999	651076	2165	0
4202844	651236	2165	0
4203789	651390	2435	1
4206002	651645	2165	0
4206785	651795	2165	0
4207640	651957	2165	0
4208495	652119	2165	0
4209440	652273	2435	1
4211666	652530	2165	0
4212487	652686	2165	0
4213332	652846	2165	0
4214177	653006	2165	0
4215122	653160	2435	1
4217322	653413	2165	0
4218105	653563	2165	0
4218960	653725	2165	0
4219815	653887	2165	0
4220760	654041	2435	1
4222973	654296	2165	0
4223794	654452	2165	0
4224639	654612	2165	0
4225484	654772	2165	0
4226429	654926	2435	1
4228616	655177	2165	0
4229399	655327	2165	0
4230254	655489	2165	0
4231109	655651	2165	0
4232054	655805	2435	1
4234254	656058	2165	0
4235075	656214	2165	0
4235920	656374	2165	0
4236765	656534	2165	0
4237710	656688	2435	1
4239884	656937	2165	0
4240667	657087	2165	0
4241522	657249	2165	0
4242377	657411	2165	0
4243322	657565	2435	1
4245509	657816	2165	0
4246330	657972	2165	0
4247175	658132	2165	0
4248020	658292	2165	0
4248965	658446	2435	1
4251126	658693	2165	0
4251909	658843	2165	0
4252764	659005	2165	0
4253619	659167	2165	0
4254564	659321	2435	1
4256738	659570	2165	0
4257559	659726	2165	0
4258404	659886	2165	0
4259249	660046	2165	0
4260194	660200	2435	1
4262342	660445	2165	0
4263125	660595	2165	0
4263980	660757	2165	0
4264835	660919	2165	0
4265780	661073	2435	1
4267941	661320	2165	0
4268762	661476	2165	0
4269607	661636	2165	0
4270452	661796	2165	0
4271397	661950	2435	1
4273798	662245	2165	0
4274563	662389	2165	0
4275328	662533	2165	0
4276093	662677	2165	0
4277038	662831	2435	1
4279439	663126	2165	0
4280204	663270	2165	0
4280969	663414	2165	0
4281734	663558	2165	0
4282679	663712	2435	1
4285084	664009	2165	0
4285849	664153	2165	0
4286614	664297	2165	0
4287379	664441	2165	0
4288324	664595	2435	1
4290712	664888	2165	0
4291477	665032	2165	0
4292242	665176	2165	0
4293007	665320	2165	0
4293952	665474	2435	1
4296344	665769	2165	0
4297109	665913	2165	0
4297874	666057	2165	0
4298639	666201	2165	0
4299584	666355	2435	1
4301959	666646	2165	0
4302724	666790	2165	0
4303489	666934	2165	0
4304254	667078	2165	0
4305199	667232	2435	1
4307578	667525	2165	0
4308343	667669	2165	0
4309108	667813	2165	0
4309873	667957	2165	0
4310818	668111	2435	1
4322283	669540	2165	0
4323048	669684	2165	0
4323813	669828	2165	0
4324578	669972	2165	0
4325523	670126	2435	1
4327569	670373	2165	0
4328334	670517	2165	0
4329099	670661	2165	0
4329864	670805	2165	0
4330809	670959	2435	1
4332855	671206	2165	0
4333620	671350	2165	0
4334385	671494	2165	0
4335150	671638	2165	0
4336095	671792	2435	1
4338141	672039	2165	0
4338906	672183	2165	0
4339671	672327	2165	0
4340436	672471	2165	0
4341381	672625	2435	1
4343427	672872	2165	0
4344192	673016	2165	0
4344957	673160	2165	0
4345722	673304	2165	0
4346667	673458	2435	1
4348713	673705	2165	0
4349478	673849	2165	0
4350243	673993	2165	0
4351008	674137	2165	0
4351953	674291	2435	1
4353999	674538	2165	0
4354764	674682	2165	0
4355529	674826	2165	0
4356294	674970	2165	0
4357239	675124	2435	1
4359285	675371	2165	0
4360050	675515	2165	0
4360815	675659	2165	0
4361580	675803	2165	0
4362525	675957	2435	1
4364571	676204	2165	0
4365336	676348	2165	0
4366101	676492	2165	0
4366866	676636	2165	0
4367811	676790	2435	1
4369857	677037	2165	0
4370622	677181	2165	0
4371387	677325	2165	0
4372152	677469	2165	0
4373097	677623	2435	1
4375143	677870	2165	0
4375908	678014	2165	0
4376673	678158	2165	0
4377438	678302	2165	0
4378383	678456	2435	1
4380429	678703	2165	0
4381194	678847	2165	0
4381959	678991	2165	0
4382724	679135	2165	0
4383669	679289	2435	1
4385715	679536	2165	0
4386480	679680	2165	0
4387245	679824	2165	0
4388010	679968	2165	0
4388955	680122	2435	1
4391001	680369	2165	0
4391766	680513	2165	0
4392531	680657	2165	0
4393296	680801	2165	0
4394241	680955	2435	1
4396287	681202	2165	0
4397052	681346	2165	0
4397817	681490	2165	0
4398582	681634	2165	0
4399527	681788	2435	1
4401573	682035	2165	0
4402338	682179	2165	0
4403103	682323	2165	0
4403868	682467	2165	0
4404813	682621	2435	1
4406859	682868	2165	0
4407624	683012	2165	0
4408389	683156	2165	0
4409154	683300	2165	0
4410099	683454	2435	1
4412145	683701	2165	0
4412910	683845	2165	0
4413675	683989	2165	0
4414440	684133	2165	0
4415385	684287	2435	1
4417431	684534	2165	0
4418196	684678	2165	0
4418961	684822	2165	0
4419726	684966	2165	0
4420671	685120	2435	1
4422717	685367	2165	0
4423482	685511	2165	0
4424247	685655	2165	0
4425012	685799	2165	0
4425957	685953	2435	1
4428003	686200	2165	0
4428768	686344	2165	0
4429533	686488	2165	0
4430298	686632	2165	0
4431243	686786	2435	1
4433289	687033	2165	0
4434054	687177	2165	0
4434819	687321	2165	0
4435584	687465	2165	0
4436529	687619	2435	1
4438575	687866	2165	0
4439340	688010	2165	0
4440105	688154	2165	0
4440870	688298	2165	0
4441815	688452	2435	1
4443861	688699	2165	0
4444626	688843	2165	0
4445391	688987	2165	0
4446156	689131	2165	0
4447101	689285	2435	1
4449147	689532	2165	0
4449912	689676	2165	0
4450677	689820	2165	0
4451442	689964	2165	0
4452387	690118	2435	1
4454433	690365	2165	0
4455198	690509	2165	0
4455963	690653	2165	0
4456728	690797	2165	0
4457673	690951	2435	1
4459719	691198	2165	0
4460484	691342	2165	0
4461249	691486	2165	0
4462014	691630	2165	0
4462959	691784	2435	1
4465005	692031	2165	0
4465770	692175	2165	0
4466535	692319	2165	0
4467300	692463	2165	0
4468245	692617	2435	1
4470291	692864	2165	0
4471056	693008	2165	0
4471821	693152	2165	0
4472586	693296	2165	0
4473531	693450	2435	1
4475577	693697	2165	0
4476342	693841	2165	0
4477107	693985	2165	0
4477872	694129	2165	0
4478817	694283	2435	1
4480863	694530	2165	0
4481628	694674	2165	0
4482393	694818	2165	0
4483158	694962	2165	0
4484103	695116	2435	1
4486149	695363	2165	0
4486914	695507	2165	0
4487679	695651	2165	0
4488444	695795	2165	0
4489389	695949	2435	1
4491435	696196	2165	0
4492200	696340	2165	0
4492965	696484	2165	0
4493730	696628	2165	0
4494675	696782	2435	1
4496721	697029	2165	0
4497486	697173	2165	0
4498251	697317	2165	0
4499016	697461	2165	0
4499961	697615	2435	1
4502007	697862	2165	0
4502772	698006	2165	0
4503537	698150	2165	0
4504302	698294	2165	0
4505247	698448	2435	1
4507293	698695	2165	0
4508058	698839	2165	0
4508823	698983	2165	0
4509588	699127	2165	0
4510533	699281	2435	1
4512579	699528	2165	0
4513344	699672	2165	0
4514109	699816	2165	0
4514874	699960	2165	0
4515819	700114	2435	1
4517865	700361	2165	0
4518630	700505	2165	0
4519395	700649	2165	0
4520160	700793	2165	0
4521105	700947	2435	1
4523151	701194	2165	0
4523916	701338	2165	0
4524681	701482	2165	0
4525446	701626	2165	0
4526391	701780	2435	1
4528437	702027	2165	0
4529202	702171	2165	0
4529967	702315	2165	0
4530732	702459	2165	0
4531677	702613	2435	1
4533723	702860	2165	0
4534488	703004	2165	0
4535253	703148	2165	0
4536018	703292	2165	0
4536963	703446	2435	1
4539009	703693	2165	0
4539774	703837	2165	0
4540539	703981	2165	0
4541304	704125	2165	0
4542249	704279	2435	1
4544295	704526	2165	0
4545060	704670	2165	0
4545825	704814	2165	0
4546590	704958	2165	0
4547535	705112	2435	1
4549581	705359	2165	0
4550346	705503	2165	0
4551111	705647	2165	0
4551876	705791	2165	0
4552821	705945	2435	1
4554867	706192	2165	0
4555632	706336	2165	0
4556397	706480	2165	0
4557162	706624	2165	0
4558107	706778	2435	1
4560153	707025	2165	0
4560918	707169	2165	0
4561683	707313	2165	0
4562448	707457	2165	0
4563393	707611	2435	1
4565439	707858	2165	0
4566204	708002	2165	0
4566969	708146	2165	0
4567734	708290	2165	0
4568679	708444	2435	1
4570725	708691	2165	0
4571490	708835	2165	0
4572255	708979	2165	0
4573020	709123	2165	0
4573965	709277	2435	1
4576011	709524	2165	0
4576776	709668	2165	0
4577541	709812	2165	0
4578306	709956	2165	0
4579251	710110	2435	1
4581297	710357	2165	0
4582062	710501	2165	0
4582827	710645	2165	0
4583592	710789	2165	0
4584537	710943	2435	1
8017223	1208303	2165	0
8017988	1208447	2165	0
8018753	1208591	2165	0
8019518	1208735	2165	0
8020461	1208890	2774	2
8022507	1209136	2165	0
8023272	1209280	2165	0
8024037	1209424	2165	0
8024802	1209568	2165	0
8025745	1209723	2774	2
8027791	1209969	2165	0
8028556	1210113	2165	0
8029321	1210257	2165	0
8030086	1210401	2165	0
8031029	1210556	2774	2
8033075	1210802	2165	0
8033840	1210946	2165	0
8034605	1211090	2165	0
8035370	1211234	2165	0
8036313	1211389	2774	2
8038359	1211635	2165	0
8039124	1211779	2165	0
8039889	1211923	2165	0
8040654	1212067	2165	0
8041597	1212222	2774	2
8043643	1212468	2165	0
8044408	1212612	2165	0
8045173	1212756	2165	0
8045938	1212900	2165	0
8046881	1213055	2774	2
8048927	1213301	2165	0
8049692	1213445	2165	0
8050457	1213589	2165	0
8051222	1213733	2165	0
8052165	1213888	2774	2
8054211	1214134	2165	0
8054976	1214278	2165	0
8055741	1214422	2165	0
8056506	1214566	2165	0
8057449	1214721	2774	2
8059495	1214967	2165	0
8060260	1215111	2165	0
8061025	1215255	2165	0
8061790	1215399	2165	0
8062733	1215554	2774	2
8064779	1215800	2165	0
8065544	1215944	2165	0
8066309	1216088	2165	0
8067074	1216232	2165	0
8068017	1216387	2774	2
8070063	1216633	2165	0
8070828	1216777	2165	0
8071593	1216921	2165	0
8072358	1217065	2165	0
8073301	1217220	2774	2
8075347	1217466	2165	0
8076112	1217610	2165	0
8076877	1217754	2165	0
8077642	1217898	2165	0
8078585	1218053	2774	2
8080631	1218299	2165	0
8081396	1218443	2165	0
8082161	1218587	2165	0
8082926	1218731	2165	0
8083869	1218886	2774	2
8085915	1219132	2165	0
8086680	1219276	2165	0
8087445	1219420	2165	0
8088210	1219564	2165	0
8089153	1219719	2774	2
8091199	1219965	2165	0
8091964	1220109	2165	0
8092729	1220253	2165	0
8093494	1220397	2165	0
8094437	1220552	2774	2
8096483	1220798	2165	0
8097248	1220942	2165	0
8098013	1221086	2165	0
8098778	1221230	2165	0
8099721	1221385	2774	2
8101767	1221631	2165	0
8102532	1221775	2165	0
8103297	1221919	2165	0
8104062	1222063	2165	0
8105005	1222218	2774	2
8107051	1222464	2165	0
8107816	1222608	2165	0
8108581	1222752	2165	0
8109346	1222896	2165	0
8110289	1223051	2774	2
8112335	1223297	2165	0
8113100	1223441	2165	0
8113865	1223585	2165	0
8114630	1223729	2165	0
8115573	1223884	2774	2
8117619	1224130	2165	0
8118384	1224274	2165	0
8119149	1224418	2165	0
8119914	1224562	2165	0
8120857	1224717	2774	2
8122903	1224963	2165	0
8123668	1225107	2165	0
8124433	1225251	2165	0
8125198	1225395	2165	0
8126141	1225550	2774	2
8128187	1225796	2165	0
8128952	1225940	2165	0
8129717	1226084	2165	0
8130482	1226228	2165	0
8131425	1226383	2774	2
8133471	1226629	2165	0
8134236	1226773	2165	0
8135001	1226917	2165	0
8135766	1227061	2165	0
8136709	1227216	2774	2
8138755	1227462	2165	0
8139520	1227606	2165	0
8140285	1227750	2165	0
8141050	1227894	2165	0
8141993	1228049	2774	2
8144039	1228295	2165	0
8144804	1228439	2165	0
8145569	1228583	2165	0
8146334	1228727	2165	0
8147277	1228882	2774	2
8149323	1229128	2165	0
8150088	1229272	2165	0
8150853	1229416	2165	0
8151618	1229560	2165	0
8152561	1229715	2774	2
8154607	1229961	2165	0
8155372	1230105	2165	0
8156137	1230249	2165	0
8156902	1230393	2165	0
8157845	1230548	2774	2
8159891	1230794	2165	0
8160656	1230938	2165	0
8161421	1231082	2165	0
8162186	1231226	2165	0
8163129	1231381	2774	2
8165175	1231627	2165	0
8165940	1231771	2165	0
8166705	1231915	2165	0
8167470	1232059	2165	0
8168413	1232214	2774	2
8170459	1232460	2165	0
8171224	1232604	2165	0
8171989	1232748	2165	0
8172754	1232892	2165	0
8173697	1233047	2774	2
8175743	1233293	2165	0
8176508	1233437	2165	0
8177273	1233581	2165	0
8178038	1233725	2165	0
8178981	1233880	2774	2
8181027	1234126	2165	0
8181792	1234270	2165	0
8182557	1234414	2165	0
8183322	1234558	2165	0
8184265	1234713	2774	2
8186311	1234959	2165	0
8187076	1235103	2165	0
8187841	1235247	2165	0
8188606	1235391	2165	0
8189549	1235546	2774	2
8191595	1235792	2165	0
8192360	1235936	2165	0
8193125	1236080	2165	0
8193890	1236224	2165	0
8194833	1236379	2774	2
8196879	1236625	2165	0
8197644	1236769	2165	0
8198409	1236913	2165	0
8199174	1237057	2165	0
8200117	1237212	2774	2
8202163	1237458	2165	0
8202928	1237602	2165	0
8203693	1237746	2165	0
8204458	1237890	2165	0
8205401	1238045	2774	2
8207447	1238291	2165	0
8208212	1238435	2165	0
8208977	1238579	2165	0
8209742	1238723	2165	0
8210685	1238878	2774	2
8212731	1239124	2165	0
8213496	1239268	2165	0
8214261	1239412	2165	0
8215026	1239556	2165	0
8215969	1239711	2774	2
8218015	1239957	2165	0
8218780	1240101	2165	0
8219545	1240245	2165	0
8220310	1240389	2165	0
8221253	1240544	2774	2
8223299	1240790	2165	0
8224064	1240934	2165	0
8224829	1241078	2165	0
8225594	1241222	2165	0
8226537	1241377	2774	2
8228583	1241623	2165	0
8229348	1241767	2165	0
8230113	1241911	2165	0
8230878	1242055	2165	0
8231821	1242210	2774	2
8233867	1242456	2165	0
8234632	1242600	2165	0
8235397	1242744	2165	0
8236162	1242888	2165	0
8237105	1243043	2774	2
8239151	1243289	2165	0
8239916	1243433	2165	0
8240681	1243577	2165	0
8241446	1243721	2165	0
8242389	1243876	2774	2
8244435	1244122	2165	0
8245200	1244266	2165	0
8245965	1244410	2165	0
8246730	1244554	2165	0
8247673	1244709	2774	2
8249719	1244955	2165	0
8250484	1245099	2165	0
8251249	1245243	2165	0
8252014	1245387	2165	0
8252957	1245542	2774	2
8255003	1245788	2165	0
8255768	1245932	2165	0
8256533	1246076	2165	0
8257298	1246220	2165	0
8258241	1246375	2774	2
8260287	1246621	2165	0
8261052	1246765	2165	0
8261817	1246909	2165	0
8262582	1247053	2165	0
8263525	1247208	2774	2
8265571	1247454	2165	0
8266336	1247598	2165	0
8267101	1247742	2165	0
8267866	1247886	2165	0
8268809	1248041	2774	2
8279804	1249453	2165	0
8280569	1249597	2165	0
8281334	1249741	2165	0
8282099	1249885	2165	0
8283042	1250040	2774	2
8285414	1250331	2165	0
8286179	1250475	2165	0
8286944	1250619	2165	0
8287709	1250763	2165	0
8288652	1250918	2774	2
8291022	1251209	2165	0
8291787	1251353	2165	0
8292552	1251497	2165	0
8293317	1251641	2165	0
8294260	1251796	2774	2
8296645	1252089	2165	0
8297410	1252233	2165	0
8298175	1252377	2165	0
8298940	1252521	2165	0
8299883	1252676	2774	2
8302266	1252969	2165	0
8303031	1253113	2165	0
8303796	1253257	2165	0
8304561	1253401	2165	0
8305504	1253556	2774	2
8307902	1253851	2165	0
8308667	1253995	2165	0
8309432	1254139	2165	0
8310197	1254283	2165	0
8311140	1254438	2774	2
8313536	1254733	2165	0
8314301	1254877	2165	0
8315066	1255021	2165	0
8315831	1255165	2165	0
8316774	1255320	2774	2
8319170	1255615	2165	0
8319935	1255759	2165	0
8320700	1255903	2165	0
8321465	1256047	2165	0
8322408	1256202	2774	2
8324564	1256449	2165	0
8325385	1256605	2165	0
8326230	1256765	2165	0
8327075	1256925	2165	0
8328018	1257080	2774	2
8330429	1257377	2165	0
8331194	1257521	2165	0
8331959	1257665	2165	0
8332724	1257809	2165	0
8333667	1257964	2774	2
8335836	1258213	2165	0
8336657	1258369	2165	0
8337502	1258529	2165	0
8338347	1258689	2165	0
8339290	1258844	2774	2
8341714	1259143	2165	0
8342479	1259287	2165	0
8343244	1259431	2165	0
8344009	1259575	2165	0
8344952	1259730	2774	2
8347134	1259981	2165	0
8347955	1260137	2165	0
8348800	1260297	2165	0
8349645	1260457	2165	0
8350588	1260612	2774	2
8353025	1260913	2165	0
8353790	1261057	2165	0
8354555	1261201	2165	0
8355320	1261345	2165	0
8356263	1261500	2774	2
8358458	1261753	2165	0
8359279	1261909	2165	0
8360124	1262069	2165	0
8360969	1262229	2165	0
8361912	1262384	2774	2
8364362	1262687	2165	0
8365127	1262831	2165	0
8365892	1262975	2165	0
8366657	1263119	2165	0
8367600	1263274	2774	2
8369808	1263529	2165	0
8370629	1263685	2165	0
8371474	1263845	2165	0
8372319	1264005	2165	0
8373262	1264160	2774	2
8375725	1264465	2165	0
8376490	1264609	2165	0
8377255	1264753	2165	0
8378020	1264897	2165	0
8378963	1265052	2774	2
8381184	1265309	2165	0
8382005	1265465	2165	0
8382850	1265625	2165	0
8383695	1265785	2165	0
8384638	1265940	2774	2
8387114	1266247	2165	0
8387879	1266391	2165	0
8388644	1266535	2165	0
8389409	1266679	2165	0
8390352	1266834	2774	2
8392586	1267093	2165	0
8393407	1267249	2165	0
8394252	1267409	2165	0
8395097	1267569	2165	0
8396040	1267724	2774	2
8398244	1267977	2165	0
8399027	1268127	2165	0
8399882	1268289	2165	0
8400737	1268451	2165	0
8401680	1268606	2774	2
8403929	1268867	2165	0
8404750	1269023	2165	0
8405595	1269183	2165	0
8406440	1269343	2165	0
8407383	1269498	2774	2
8409600	1269753	2165	0
8410383	1269903	2165	0
8411238	1270065	2165	0
8412093	1270227	2165	0
8413036	1270382	2774	2
8415298	1270645	2165	0
8416119	1270801	2165	0
8416964	1270961	2165	0
8417809	1271121	2165	0
8418752	1271276	2774	2
8420982	1271533	2165	0
8421765	1271683	2165	0
8422620	1271845	2165	0
8423475	1272007	2165	0
8424418	1272162	2774	2
8426618	1272413	2165	0
8427363	1272557	2165	0
8428228	1272721	2165	0
8429093	1272885	2165	0
8430036	1273040	2774	2
8432206	1273285	2165	0
8432913	1273423	2165	0
8433788	1273589	2165	0
8434663	1273755	2165	0
8435606	1273910	2774	2
8437821	1274163	2165	0
8438566	1274307	2165	0
8439431	1274471	2165	0
8440296	1274635	2165	0
8441239	1274790	2774	2
8443422	1275037	2165	0
8444129	1275175	2165	0
8445004	1275341	2165	0
8445879	1275507	2165	0
8446822	1275662	2774	2
8448975	1275903	2165	0
8449644	1276035	2165	0
8450529	1276203	2165	0
8451414	1276371	2165	0
8452357	1276526	2774	2
8454555	1276775	2165	0
8455262	1276913	2165	0
8456137	1277079	2165	0
8457012	1277245	2165	0
8457955	1277400	2774	2
8460121	1277643	2165	0
8460790	1277775	2165	0
8461675	1277943	2165	0
8462560	1278111	2165	0
8463503	1278266	2774	2
8465714	1278517	2165	0
8466421	1278655	2165	0
8467296	1278821	2165	0
8468171	1278987	2165	0
8469114	1279142	2774	2
8471293	1279387	2165	0
8471962	1279519	2165	0
8472847	1279687	2165	0
8473732	1279855	2165	0
8474675	1280010	2774	2
8476899	1280263	2165	0
8477606	1280401	2165	0
8478481	1280567	2165	0
8479356	1280733	2165	0
8480299	1280888	2774	2
8482491	1281135	2165	0
8483160	1281267	2165	0
8484045	1281435	2165	0
8484930	1281603	2165	0
8485873	1281758	2774	2
8488675	1282127	2165	0
8489570	1282297	2165	0
8490465	1282467	2165	0
8491408	1282622	2774	2
8493615	1282871	2165	0
8494284	1283003	2165	0
8495169	1283171	2165	0
8496054	1283339	2165	0
8496997	1283494	2774	2
8499812	1283865	2165	0
8500707	1284035	2165	0
8501602	1284205	2165	0
8502545	1284360	2774	2
8504765	1284611	2165	0
8505434	1284743	2165	0
8506319	1284911	2165	0
8507204	1285079	2165	0
8508147	1285234	2774	2
8510975	1285607	2165	0
8511870	1285777	2165	0
8512765	1285947	2165	0
8513708	1286102	2774	2
8515941	1286355	2165	0
8516610	1286487	2165	0
8517495	1286655	2165	0
8518380	1286823	2165	0
8519323	1286978	2774	2
8522164	1287353	2165	0
8523059	1287523	2165	0
8523954	1287693	2165	0
8524897	1287848	2774	2
8527738	1288223	2165	0
8528633	1288393	2165	0
8529528	1288563	2165	0
8530471	1288718	2774	2
8533327	1289095	2165	0
8534222	1289265	2165	0
8535117	1289435	2165	0
8536060	1289590	2774	2
8538914	1289967	2165	0
8539809	1290137	2165	0
8540704	1290307	2165	0
8541647	1290462	2774	2
8544516	1290841	2165	0
8545411	1291011	2165	0
8546306	1291181	2165	0
8547249	1291336	2774	2
8550116	1291715	2165	0
8551011	1291885	2165	0
8551906	1292055	2165	0
8552849	1292210	2774	2
8555731	1292591	2165	0
8556626	1292761	2165	0
8557521	1292931	2165	0
8558464	1293086	2774	2
8561344	1293467	2165	0
8562239	1293637	2165	0
8563134	1293807	2165	0
8564077	1293962	2774	2
8566957	1294343	2165	0
8567852	1294513	2165	0
8568747	1294683	2165	0
8569690	1294838	2774	2
8572585	1295221	2165	0
8573480	1295391	2165	0
8574375	1295561	2165	0
8575318	1295716	2774	2
8578211	1296099	2165	0
8579106	1296269	2165	0
8580001	1296439	2165	0
8580944	1296594	2774	2
8583837	1296977	2165	0
8584732	1297147	2165	0
8585627	1297317	2165	0
8586570	1297472	2774	2
8589478	1297857	2165	0
8590373	1298027	2165	0
8591268	1298197	2165	0
8592211	1298352	2774	2
8595117	1298737	2165	0
8596012	1298907	2165	0
8596907	1299077	2165	0
8597850	1299232	2774	2
8600771	1299619	2165	0
8601666	1299789	2165	0
8602561	1299959	2165	0
8603504	1300114	2774	2
8606423	1300501	2165	0
8607318	1300671	2165	0
8608213	1300841	2165	0
8609156	1300996	2774	2
8612090	1301385	2165	0
8612985	1301555	2165	0
8613880	1301725	2165	0
8614823	1301880	2774	2
8617755	1302269	2165	0
8618650	1302439	2165	0
8619545	1302609	2165	0
8620488	1302764	2774	2
8623420	1303153	2165	0
8624315	1303323	2165	0
8625210	1303493	2165	0
8626153	1303648	2774	2
8629085	1304037	2165	0
8629980	1304207	2165	0
8630875	1304377	2165	0
8631818	1304532	2774	2
8634765	1304923	2165	0
8635660	1305093	2165	0
8636555	1305263	2165	0
8637498	1305418	2774	2
8640443	1305809	2165	0
8641338	1305979	2165	0
8642233	1306149	2165	0
8643176	1306304	2774	2
8646136	1306697	2165	0
8647031	1306867	2165	0
8647926	1307037	2165	0
8648869	1307192	2774	2
8651827	1307585	2165	0
8652722	1307755	2165	0
8653617	1307925	2165	0
8654560	1308080	2774	2
8657518	1308473	2165	0
8658413	1308643	2165	0
8659308	1308813	2165	0
8660251	1308968	2774	2
8663224	1309363	2165	0
8664119	1309533	2165	0
8665014	1309703	2165	0
8665957	1309858	2774	2
8668928	1310253	2165	0
8669823	1310423	2165	0
8670718	1310593	2165	0
8671661	1310748	2774	2
8674647	1311145	2165	0
8675542	1311315	2165	0
8676437	1311485	2165	0
8677380	1311640	2774	2
8680364	1312037	2165	0
8681259	1312207	2165	0
8682154	1312377	2165	0
8683097	1312532	2774	2
8686081	1312929	2165	0
8686976	1313099	2165	0
8687871	1313269	2165	0
8688814	1313424	2774	2
8691813	1313823	2165	0
8692708	1313993	2165	0
8693603	1314163	2165	0
8694546	1314318	2774	2
8697543	1314717	2165	0
8698438	1314887	2165	0
8699333	1315057	2165	0
8700276	1315212	2774	2
8703273	1315611	2165	0
8704168	1315781	2165	0
8705063	1315951	2165	0
8706006	1316106	2774	2
8709018	1316507	2165	0
8709913	1316677	2165	0
8710808	1316847	2165	0
8711751	1317002	2774	2
8714761	1317403	2165	0
8715656	1317573	2165	0
8716551	1317743	2165	0
8717494	1317898	2774	2
8720519	1318301	2165	0
8721414	1318471	2165	0
8722309	1318641	2165	0
8723252	1318796	2774	2
8726275	1319199	2165	0
8727170	1319369	2165	0
8728065	1319539	2165	0
8729008	1319694	2774	2
8732046	1320099	2165	0
8732941	1320269	2165	0
8733836	1320439	2165	0
8734779	1320594	2774	2
8737815	1320999	2165	0
8738710	1321169	2165	0
8739605	1321339	2165	0
8740548	1321494	2774	2
8743599	1321901	2165	0
8744494	1322071	2165	0
8745389	1322241	2165	0
8746332	1322396	2774	2
8749381	1322803	2165	0
8750276	1322973	2165	0
8751171	1323143	2165	0
8752114	1323298	2774	2
8755178	1323707	2165	0
8756073	1323877	2165	0
8756968	1324047	2165	0
8757911	1324202	2774	2
8760973	1324611	2165	0
8761868	1324781	2165	0
8762763	1324951	2165	0
8763706	1325106	2774	2
8766783	1325517	2165	0
8767678	1325687	2165	0
8768573	1325857	2165	0
8769516	1326012	2774	2
8772591	1326423	2165	0
8773486	1326593	2165	0
8774381	1326763	2165	0
8775324	1326918	2774	2
8778399	1327329	2165	0
8779294	1327499	2165	0
8780189	1327669	2165	0
8781132	1327824	2774	2
8784222	1328237	2165	0
8785117	1328407	2165	0
8786012	1328577	2165	0
8786955	1328732	2774	2
8790043	1329145	2165	0
8790938	1329315	2165	0
8791833	1329485	2165	0
8792776	1329640	2774	2
8795879	1330055	2165	0
8796774	1330225	2165	0
8797669	1330395	2165	0
8798612	1330550	2774	2
8801713	1330965	2165	0
8802608	1331135	2165	0
8803503	1331305	2165	0
8804446	1331460	2774	2
8807562	1331877	2165	0
8808457	1332047	2165	0
8809352	1332217	2165	0
8810295	1332372	2774	2
8813409	1332789	2165	0
8814304	1332959	2165	0
8815199	1333129	2165	0
8816142	1333284	2774	2
8819256	1333701	2165	0
8820151	1333871	2165	0
8821046	1334041	2165	0
8821989	1334196	2774	2
8825103	1334613	2165	0
8825998	1334783	2165	0
8826893	1334953	2165	0
8827836	1335108	2774	2
8830965	1335527	2165	0
8831860	1335697	2165	0
8832755	1335867	2165	0
8833698	1336022	2774	2
8836825	1336441	2165	0
8837720	1336611	2165	0
8838615	1336781	2165	0
8839558	1336936	2774	2
8842685	1337355	2165	0
8843580	1337525	2165	0
8844475	1337695	2165	0
8845418	1337850	2774	2
8848560	1338271	2165	0
8849455	1338441	2165	0
8850350	1338611	2165	0
8851293	1338766	2774	2
8854433	1339187	2165	0
8855328	1339357	2165	0
8856223	1339527	2165	0
8857166	1339682	2774	2
8860321	1340105	2165	0
8861216	1340275	2165	0
8862111	1340445	2165	0
8863054	1340600	2774	2
8866207	1341023	2165	0
8867102	1341193	2165	0
8867997	1341363	2165	0
8868940	1341518	2774	2
8872093	1341941	2165	0
8872988	1342111	2165	0
8873883	1342281	2165	0
8874826	1342436	2774	2
8877994	1342861	2165	0
8878889	1343031	2165	0
8879784	1343201	2165	0
8880727	1343356	2774	2
8883893	1343781	2165	0
8884788	1343951	2165	0
8885683	1344121	2165	0
8886626	1344276	2774	2
8889512	1344645	2165	0
8890547	1344843	2165	0
8891582	1345041	2165	0
8892525	1345196	2774	2
8895706	1345623	2165	0
8896601	1345793	2165	0
8897496	1345963	2165	0
8898439	1346118	2774	2
8901338	1346489	2165	0
8902373	1346687	2165	0
8903408	1346885	2165	0
8904351	1347040	2774	2
8907230	1347407	2165	0
8908239	1347601	2165	0
8909284	1347801	2165	0
8910227	1347956	2774	2
8913141	1348329	2165	0
8914176	1348527	2165	0
8915211	1348725	2165	0
8916154	1348880	2774	2
8919046	1349249	2165	0
8920055	1349443	2165	0
8921100	1349643	2165	0
8922043	1349798	2774	2
8924915	1350163	2165	0
8925898	1350353	2165	0
8926953	1350555	2165	0
8927896	1350710	2774	2
8930803	1351081	2165	0
8931812	1351275	2165	0
8932857	1351475	2165	0
8933800	1351630	2774	2
8936685	1351997	2165	0
8937668	1352187	2165	0
8938723	1352389	2165	0
8939666	1352544	2774	2
8942586	1352917	2165	0
8943595	1353111	2165	0
8944640	1353311	2165	0
8945583	1353466	2774	2
8948481	1353835	2165	0
8949464	1354025	2165	0
8950519	1354227	2165	0
8951462	1354382	2774	2
8954340	1354747	2165	0
8955297	1354933	2165	0
8956362	1355137	2165	0
8957305	1355292	2774	2
8960218	1355663	2165	0
8961201	1355853	2165	0
8962256	1356055	2165	0
8963199	1356210	2774	2
8966090	1356577	2165	0
8967047	1356763	2165	0
8968112	1356967	2165	0
8969055	1357122	2774	2
8971926	1357485	2165	0
8972857	1357667	2165	0
8973932	1357873	2165	0
8974875	1358028	2774	2
8977781	1358397	2165	0
8978738	1358583	2165	0
8979803	1358787	2165	0
8980746	1358942	2774	2
8983630	1359307	2165	0
8984561	1359489	2165	0
8985636	1359695	2165	0
8986579	1359850	2774	2
8989498	1360221	2165	0
8990455	1360407	2165	0
8991520	1360611	2165	0
8992463	1360766	2774	2
8995415	1361143	2165	0
8996398	1361333	2165	0
8997453	1361535	2165	0
8998396	1361690	2774	2
9001326	1362063	2165	0
9002283	1362249	2165	0
9003348	1362453	2165	0
9004291	1362608	2774	2
9007201	1362977	2165	0
9008132	1363159	2165	0
9009207	1363365	2165	0
9010150	1363520	2774	2
9013095	1363895	2165	0
9014052	1364081	2165	0
9015117	1364285	2165	0
9016060	1364440	2774	2
9018983	1364811	2165	0
9019914	1364993	2165	0
9020989	1365199	2165	0
9021932	1365354	2774	2
9024890	1365731	2165	0
9025847	1365917	2165	0
9026912	1366121	2165	0
9027855	1366276	2774	2
9030791	1366649	2165	0
9031722	1366831	2165	0
9032797	1367037	2165	0
9033740	1367192	2774	2
9036711	1367571	2165	0
9037668	1367757	2165	0
9038733	1367961	2165	0
9039676	1368116	2774	2
9042625	1368491	2165	0
9043556	1368673	2165	0
9044631	1368879	2165	0
9045574	1369034	2774	2
9048503	1369405	2165	0
9049408	1369583	2165	0
9050493	1369791	2165	0
9051436	1369946	2774	2
9054400	1370323	2165	0
9055331	1370505	2165	0
9056406	1370711	2165	0
9057349	1370866	2774	2
9060291	1371239	2165	0
9061196	1371417	2165	0
9062281	1371625	2165	0
9063224	1371780	2774	2
9066201	1372159	2165	0
9067132	1372341	2165	0
9068207	1372547	2165	0
9069150	1372702	2774	2
9072105	1373077	2165	0
9073010	1373255	2165	0
9074095	1373463	2165	0
9075038	1373618	2774	2
9078028	1373999	2165	0
9078959	1374181	2165	0
9080034	1374387	2165	0
9080977	1374542	2774	2
9083945	1374919	2165	0
9084850	1375097	2165	0
9085935	1375305	2165	0
9086878	1375460	2774	2
9089881	1375843	2165	0
9090812	1376025	2165	0
9091887	1376231	2165	0
9092830	1376386	2774	2
9095811	1376765	2165	0
9096716	1376943	2165	0
9097801	1377151	2165	0
9098744	1377306	2774	2
9101705	1377681	2165	0
9102584	1377855	2165	0
9103679	1378065	2165	0
9104622	1378220	2774	2
9108413	1378761	2165	0
9109518	1378973	2165	0
9110461	1379128	2774	2
9113437	1379505	2165	0
9114316	1379679	2165	0
9115411	1379889	2165	0
9116354	1380044	2774	2
9119363	1380427	2165	0
9120268	1380605	2165	0
9121353	1380813	2165	0
9122296	1380968	2774	2
9125283	1381347	2165	0
9126162	1381521	2165	0
9127257	1381731	2165	0
9128200	1381886	2774	2
9131222	1382271	2165	0
9132127	1382449	2165	0
9133212	1382657	2165	0
9134155	1382812	2774	2
9137155	1383193	2165	0
9138034	1383367	2165	0
9139129	1383577	2165	0
9140072	1383732	2774	2
9143902	1384279	2165	0
9145007	1384491	2165	0
9145950	1384646	2774	2
9149780	1385193	2165	0
9150885	1385405	2165	0
9151828	1385560	2774	2
9155673	1386109	2165	0
9156778	1386321	2165	0
9157721	1386476	2774	2
9161564	1387025	2165	0
9162669	1387237	2165	0
9163612	1387392	2774	2
9167470	1387943	2165	0
9168575	1388155	2165	0
9169518	1388310	2774	2
9173374	1388861	2165	0
9174479	1389073	2165	0
9175422	1389228	2774	2
9179293	1389781	2165	0
9180398	1389993	2165	0
9181341	1390148	2774	2
9185210	1390701	2165	0
9186315	1390913	2165	0
9187258	1391068	2774	2
9191127	1391621	2165	0
9192232	1391833	2165	0
9193175	1391988	2774	2
9197059	1392543	2165	0
9198164	1392755	2165	0
9199107	1392910	2774	2
9202989	1393465	2165	0
9204094	1393677	2165	0
9205037	1393832	2774	2
9208919	1394387	2165	0
9210024	1394599	2165	0
9210967	1394754	2774	2
9214849	1395309	2165	0
9215954	1395521	2165	0
9216897	1395676	2774	2
9220794	1396233	2165	0
9221899	1396445	2165	0
9222842	1396600	2774	2
9226737	1397157	2165	0
9227842	1397369	2165	0
9228785	1397524	2774	2
9232695	1398083	2165	0
9233800	1398295	2165	0
9234743	1398450	2774	2
9238651	1399009	2165	0
9239756	1399221	2165	0
9240699	1399376	2774	2
9244607	1399935	2165	0
9245712	1400147	2165	0
9246655	1400302	2774	2
9250578	1400863	2165	0
9251683	1401075	2165	0
9252626	1401230	2774	2
9256547	1401791	2165	0
9257652	1402003	2165	0
9258595	1402158	2774	2
9262549	1402725	2165	0
9263654	1402937	2165	0
9264597	1403092	2774	2
9268531	1403655	2165	0
9269636	1403867	2165	0
9270579	1404022	2774	2
9274513	1404585	2165	0
9275618	1404797	2165	0
9276561	1404952	2774	2
9280528	1405521	2165	0
9281633	1405733	2165	0
9282576	1405888	2774	2
9286523	1406453	2165	0
9287628	1406665	2165	0
9288571	1406820	2774	2
9292518	1407385	2165	0
9293623	1407597	2165	0
9294566	1407752	2774	2
9298546	1408323	2165	0
9299651	1408535	2165	0
9300594	1408690	2774	2
9304554	1409257	2165	0
9305659	1409469	2165	0
9306602	1409624	2774	2
9310562	1410191	2165	0
9311667	1410403	2165	0
9312610	1410558	2774	2
9316603	1411131	2165	0
9317708	1411343	2165	0
9318651	1411498	2774	2
9322624	1412067	2165	0
9323729	1412279	2165	0
9324672	1412434	2774	2
9328690	1413011	2165	0
9329795	1413223	2165	0
9330738	1413378	2774	2
9334742	1413953	2165	0
9335847	1414165	2165	0
9336790	1414320	2774	2
9340833	1414901	2165	0
9341938	1415113	2165	0
9342881	1415268	2774	2
9346910	1415847	2165	0
9348015	1416059	2165	0
9348958	1416214	2774	2
9353026	1416799	2165	0
9354131	1417011	2165	0
9355074	1417166	2774	2
9359128	1417749	2165	0
9360233	1417961	2165	0
9361176	1418116	2774	2
9365218	1418697	2165	0
9366323	1418909	2165	0
9367266	1419064	2774	2
9371296	1419643	2165	0
9372401	1419855	2165	0
9373344	1420010	2774	2
9377413	1420595	2165	0
9378518	1420807	2165	0
9379461	1420962	2774	2
9383516	1421545	2165	0
9384621	1421757	2165	0
9385564	1421912	2774	2
9389658	1422501	2165	0
9390763	1422713	2165	0
9391706	1422868	2774	2
9395786	1423455	2165	0
9396891	1423667	2165	0
9397834	1423822	2774	2
9401953	1424415	2165	0
9403058	1424627	2165	0
9404001	1424782	2774	2
9408106	1425373	2165	0
9409211	1425585	2165	0
9410154	1425740	2774	2
9414298	1426337	2165	0
9415403	1426549	2165	0
9416346	1426704	2774	2
9420476	1427299	2165	0
9421581	1427511	2165	0
9422524	1427666	2774	2
9426693	1428267	2165	0
9427798	1428479	2165	0
9428741	1428634	2774	2
9432896	1429233	2165	0
9434001	1429445	2165	0
9434944	1429600	2774	2
9439087	1430197	2165	0
9440192	1430409	2165	0
9441135	1430564	2774	2
9445266	1431159	2165	0
9446371	1431371	2165	0
9447314	1431526	2774	2
9451433	1432119	2165	0
9452538	1432331	2165	0
9453481	1432486	2774	2
9457639	1433085	2165	0
9458744	1433297	2165	0
9459687	1433452	2774	2
9463831	1434049	2165	0
9464936	1434261	2165	0
9465879	1434416	2774	2
9470062	1435019	2165	0
9471167	1435231	2165	0
9472110	1435386	2774	2
9476279	1435987	2165	0
9477384	1436199	2165	0
9478327	1436354	2774	2
9482535	1436961	2165	0
9483640	1437173	2165	0
9484583	1437328	2774	2
9488777	1437933	2165	0
9489882	1438145	2165	0
9490825	1438300	2774	2
9495058	1438911	2165	0
9496163	1439123	2165	0
9497106	1439278	2774	2
9501325	1439887	2165	0
9502430	1440099	2165	0
9503373	1440254	2774	2
9507631	1440869	2165	0
9508736	1441081	2165	0
9509679	1441236	2774	2
9513923	1441849	2165	0
9515028	1442061	2165	0
9515971	1442216	2774	2
9520254	1442835	2165	0
9521359	1443047	2165	0
9522302	1443202	2774	2
9526571	1443819	2165	0
9527676	1444031	2165	0
9528619	1444186	2774	2
9532876	1444801	2165	0
9533981	1445013	2165	0
9534924	1445168	2774	2
9539169	1445781	2165	0
9540274	1445993	2165	0
9541217	1446148	2774	2
9545501	1446767	2165	0
9546606	1446979	2165	0
9547549	1447134	2774	2
9551819	1447751	2165	0
9552924	1447963	2165	0
9553867	1448118	2774	2
9558176	1448741	2165	0
9559281	1448953	2165	0
9560224	1449108	2774	2
9564519	1449729	2165	0
9565624	1449941	2165	0
9566567	1450096	2774	2
9570901	1450723	2165	0
9572006	1450935	2165	0
9572949	1451090	2774	2
9577269	1451715	2165	0
9578374	1451927	2165	0
9579317	1452082	2774	2
9583625	1452705	2165	0
9584730	1452917	2165	0
9585673	1453072	2774	2
9589969	1453693	2165	0
9591074	1453905	2165	0
9592017	1454060	2774	2
9596352	1454687	2165	0
9597457	1454899	2165	0
9598400	1455054	2774	2
9602721	1455679	2165	0
9603826	1455891	2165	0
9604769	1456046	2774	2
9609078	1456669	2165	0
9610183	1456881	2165	0
9611126	1457036	2774	2
9615474	1457665	2165	0
9616579	1457877	2165	0
9617522	1458032	2774	2
9621856	1458659	2165	0
9622961	1458871	2165	0
9623904	1459026	2774	2
9628277	1459659	2165	0
9629382	1459871	2165	0
9630325	1460026	2774	2
9634684	1460657	2165	0
9635789	1460869	2165	0
9636732	1461024	2774	2
9641079	1461653	2165	0
9642184	1461865	2165	0
9643127	1462020	2774	2
9647513	1462655	2165	0
9648618	1462867	2165	0
9649561	1463022	2774	2
9653933	1463655	2165	0
9655038	1463867	2165	0
9655981	1464022	2774	2
9660392	1464661	2165	0
9661497	1464873	2165	0
9662440	1465028	2774	2
9666837	1465665	2165	0
9667942	1465877	2165	0
9668885	1466032	2774	2
9673270	1466667	2165	0
9674375	1466879	2165	0
9675318	1467034	2774	2
9679691	1467667	2165	0
9680796	1467879	2165	0
9681739	1468034	2774	2
9686100	1468665	2165	0
9687205	1468877	2165	0
9688148	1469032	2774	2
9692548	1469669	2165	0
9693653	1469881	2165	0
9694596	1470036	2774	2
9698982	1470671	2165	0
9700087	1470883	2165	0
9701030	1471038	2774	2
9705455	1471679	2165	0
9706560	1471891	2165	0
9707503	1472046	2774	2
9711914	1472685	2165	0
9713019	1472897	2165	0
9713962	1473052	2774	2
9718361	1473689	2165	0
9719466	1473901	2165	0
9720409	1474056	2774	2
9724847	1474699	2165	0
9725952	1474911	2165	0
9726895	1475066	2774	2
9731319	1475707	2165	0
9732424	1475919	2165	0
9733367	1476074	2774	2
9737779	1476713	2165	0
9738884	1476925	2165	0
9739827	1477080	2774	2
9744278	1477725	2165	0
9745383	1477937	2165	0
9746326	1478092	2774	2
9750763	1478735	2165	0
9751868	1478947	2165	0
9752811	1479102	2774	2
9757287	1479751	2165	0
9758392	1479963	2165	0
9759335	1480118	2774	2
9763797	1480765	2165	0
9764902	1480977	2165	0
9765845	1481132	2774	2
9770295	1481777	2165	0
9771400	1481989	2165	0
9772343	1482144	2774	2
9776832	1482795	2165	0
9777937	1483007	2165	0
9778880	1483162	2774	2
9783355	1483811	2165	0
9784460	1484023	2165	0
9785403	1484178	2774	2
9789917	1484833	2165	0
9791022	1485045	2165	0
9791965	1485200	2774	2
9796465	1485853	2165	0
9797570	1486065	2165	0
9798513	1486220	2774	2
9803052	1486879	2165	0
9804157	1487091	2165	0
9805100	1487246	2774	2
9809625	1487903	2165	0
9810730	1488115	2165	0
9811673	1488270	2774	2
9816186	1488925	2165	0
9817291	1489137	2165	0
9818234	1489292	2774	2
9822786	1489953	2165	0
9823891	1490165	2165	0
9824834	1490320	2774	2
9829372	1490979	2165	0
9830477	1491191	2165	0
9831420	1491346	2774	2
9835946	1492003	2165	0
9837051	1492215	2165	0
9837994	1492370	2774	2
9842508	1493025	2165	0
9843613	1493237	2165	0
9844556	1493392	2774	2
9849109	1494053	2165	0
9850214	1494265	2165	0
9851157	1494420	2774	2
9855696	1495079	2165	0
9856801	1495291	2165	0
9857744	1495446	2774	2
9862322	1496111	2165	0
9863427	1496323	2165	0
9864370	1496478	2774	2
9868934	1497141	2165	0
9870039	1497353	2165	0
9870982	1497508	2774	2
9875534	1498169	2165	0
9876639	1498381	2165	0
9877582	1498536	2774	2
9882173	1499203	2165	0
9883278	1499415	2165	0
9884221	1499570	2774	2
9888798	1500235	2165	0
9889903	1500447	2165	0
9890846	1500602	2774	2
9895462	1501273	2165	0
9896567	1501485	2165	0
9897510	1501640	2774	2
9902112	1502309	2165	0
9903217	1502521	2165	0
9904160	1502676	2774	2
9908750	1503343	2165	0
9909855	1503555	2165	0
9910798	1503710	2774	2
9915427	1504383	2165	0
9916532	1504595	2165	0
9917475	1504750	2774	2
9922090	1505421	2165	0
9923195	1505633	2165	0
9924138	1505788	2774	2
9928741	1506457	2165	0
9929846	1506669	2165	0
9930789	1506824	2774	2
9935431	1507499	2165	0
9936536	1507711	2165	0
9937479	1507866	2774	2
9942107	1508539	2165	0
9943212	1508751	2165	0
9944155	1508906	2774	2
9948451	1509513	2165	0
9949876	1509789	2165	0
9950819	1509944	2774	2
9955474	1510621	2165	0
9956579	1510833	2165	0
9957522	1510988	2774	2
9961843	1511599	2165	0
9963268	1511875	2165	0
9964211	1512030	2774	2
9968510	1512637	2165	0
9969921	1512911	2165	0
9970864	1513066	2774	2
9975141	1513669	2165	0
9976538	1513941	2165	0
9977481	1514096	2774	2
9981807	1514707	2165	0
9983218	1514981	2165	0
9984161	1515136	2774	2
9988463	1515743	2165	0
9989860	1516015	2165	0
9990803	1516170	2774	2
9995154	1516785	2165	0
9996565	1517059	2165	0
9997508	1517214	2774	2
10001835	1517825	2165	0
10003232	1518097	2165	0
10004175	1518252	2774	2
10008480	1518859	2165	0
10009863	1519129	2165	0
10010806	1519284	2774	2
10015160	1519899	2165	0
10016557	1520171	2165	0
10017500	1520326	2774	2
10021830	1520937	2165	0
10023213	1521207	2165	0
10024156	1521362	2774	2
10028535	1521981	2165	0
10029932	1522253	2165	0
10030875	1522408	2774	2
10035230	1523023	2165	0
10036613	1523293	2165	0
10037556	1523448	2774	2
10041960	1524071	2165	0
10043357	1524343	2165	0
10044300	1524498	2774	2
10048680	1525117	2165	0
10050063	1525387	2165	0
10051006	1525542	2774	2
10055435	1526169	2165	0
10056832	1526441	2165	0
10057775	1526596	2774	2
10062180	1527219	2165	0
10063563	1527489	2165	0
10064506	1527644	2774	2
10068889	1528263	2165	0
10070258	1528531	2165	0
10071201	1528686	2774	2
10075633	1529313	2165	0
10077016	1529583	2165	0
10077959	1529738	2774	2
10082367	1530361	2165	0
10083736	1530629	2165	0
10084679	1530784	2774	2
10089136	1531415	2165	0
10090519	1531685	2165	0
10091462	1531840	2774	2
10095895	1532467	2165	0
10097264	1532735	2165	0
10098207	1532890	2774	2
10102689	1533525	2165	0
10104072	1533795	2165	0
10105015	1533950	2774	2
10109473	1534581	2165	0
10110842	1534849	2165	0
10111785	1535004	2774	2
10116221	1535631	2165	0
10117576	1535897	2165	0
10118519	1536052	2774	2
10123004	1536687	2165	0
10124373	1536955	2165	0
10125316	1537110	2774	2
10129777	1537741	2165	0
10131132	1538007	2165	0
10132075	1538162	2774	2
10136514	1538789	2165	0
10137855	1539053	2165	0
10138798	1539208	2774	2
10143215	1539831	2165	0
10144542	1540093	2165	0
10145485	1540248	2774	2
10149951	1540879	2165	0
10151292	1541143	2165	0
10152235	1541298	2774	2
10156677	1541925	2165	0
10158004	1542187	2165	0
10158947	1542342	2774	2
10163367	1542965	2165	0
10164680	1543225	2165	0
10165623	1543380	2774	2
10170021	1543999	2165	0
10171320	1544257	2165	0
10172263	1544412	2774	2
10176710	1545039	2165	0
10178023	1545299	2165	0
10178966	1545454	2774	2
10183389	1546077	2165	0
10184688	1546335	2165	0
10185631	1546490	2774	2
10190103	1547121	2165	0
10191416	1547381	2165	0
10192359	1547536	2774	2
10196807	1548163	2165	0
10198106	1548421	2165	0
10199049	1548576	2774	2
10203546	1549211	2165	0
10204859	1549471	2165	0
10205802	1549626	2774	2
10210275	1550257	2165	0
10211574	1550515	2165	0
10212517	1550670	2774	2
10217039	1551309	2165	0
10218352	1551569	2165	0
10219295	1551724	2774	2
10223793	1552359	2165	0
10225092	1552617	2165	0
10226035	1552772	2774	2
10230511	1553403	2165	0
10231796	1553659	2165	0
10232739	1553814	2774	2
10237264	1554453	2165	0
10238563	1554711	2165	0
10239506	1554866	2774	2
10244007	1555501	2165	0
10245292	1555757	2165	0
10246235	1555912	2774	2
10251994	1556799	2165	0
10252937	1556954	2774	2
10257465	1557593	2165	0
10258750	1557849	2165	0
10259693	1558004	2774	2
10265477	1558895	2165	0
10266420	1559050	2774	2
10270973	1559693	2165	0
10272258	1559949	2165	0
10273201	1560104	2774	2
10279010	1560999	2165	0
10279953	1561154	2774	2
10285750	1562047	2165	0
10286693	1562202	2774	2
10292529	1563101	2165	0
10293472	1563256	2774	2
10299294	1564153	2165	0
10300237	1564308	2774	2
10306098	1565211	2165	0
10307041	1565366	2774	2
10310617	1565918	2165	0
10311560	1566073	2774	2
10315136	1566625	2165	0
10316079	1566780	2774	2
10319655	1567332	2165	0
10320598	1567487	2774	2
10324174	1568039	2165	0
10325117	1568194	2774	2
10328693	1568746	2165	0
10329636	1568901	2774	2
10333212	1569453	2165	0
10334155	1569608	2774	2
10337731	1570160	2165	0
10338674	1570315	2774	2
10342250	1570867	2165	0
10343193	1571022	2774	2
10346769	1571574	2165	0
10347712	1571729	2774	2
10351288	1572281	2165	0
10352231	1572436	2774	2
10355807	1572988	2165	0
10356750	1573143	2774	2
10360326	1573695	2165	0
10361269	1573850	2774	2
10364845	1574402	2165	0
10365788	1574557	2774	2
10369364	1575109	2165	0
10370307	1575264	2774	2
10373883	1575816	2165	0
10374826	1575971	2774	2
10378402	1576523	2165	0
10379345	1576678	2774	2
10382921	1577230	2165	0
10383864	1577385	2774	2
10387440	1577937	2165	0
10388383	1578092	2774	2
10391959	1578644	2165	0
10392902	1578799	2774	2
10396478	1579351	2165	0
10397421	1579506	2774	2
10400997	1580058	2165	0
10401940	1580213	2774	2
10405516	1580765	2165	0
10406459	1580920	2774	2
10410035	1581472	2165	0
10410978	1581627	2774	2
10414554	1582179	2165	0
10415497	1582334	2774	2
10419073	1582886	2165	0
10420016	1583041	2774	2
10423592	1583593	2165	0
10424535	1583748	2774	2
10428111	1584300	2165	0
10429054	1584455	2774	2
10432630	1585007	2165	0
10433573	1585162	2774	2
10437149	1585714	2165	0
10438092	1585869	2774	2
10441668	1586421	2165	0
10442611	1586576	2774	2
10446187	1587128	2165	0
10447130	1587283	2774	2
10450706	1587835	2165	0
10451649	1587990	2774	2
10455225	1588542	2165	0
10456168	1588697	2774	2
10459744	1589249	2165	0
10460687	1589404	2774	2
10464263	1589956	2165	0
10465206	1590111	2774	2
10468782	1590663	2165	0
10469725	1590818	2774	2
10473301	1591370	2165	0
10474244	1591525	2774	2
10477820	1592077	2165	0
10478763	1592232	2774	2
10482339	1592784	2165	0
10483282	1592939	2774	2
10486858	1593491	2165	0
10487801	1593646	2774	2
10491377	1594198	2165	0
10492320	1594353	2774	2
10495896	1594905	2165	0
10496839	1595060	2774	2
10500415	1595612	2165	0
10501358	1595767	2774	2
10504934	1596319	2165	0
10505877	1596474	2774	2
10509453	1597026	2165	0
10510396	1597181	2774	2
10513972	1597733	2165	0
10514915	1597888	2774	2
10518491	1598440	2165	0
10519434	1598595	2774	2
10523010	1599147	2165	0
10523953	1599302	2774	2
10527529	1599854	2165	0
10528472	1600009	2774	2
10532048	1600561	2165	0
10532991	1600716	2774	2
10536567	1601268	2165	0
10537510	1601423	2774	2
10541086	1601975	2165	0
10542029	1602130	2774	2
10545605	1602682	2165	0
10546548	1602837	2774	2
10550124	1603389	2165	0
10551067	1603544	2774	2
10554643	1604096	2165	0
10555586	1604251	2774	2
10559162	1604803	2165	0
10560105	1604958	2774	2
10563681	1605510	2165	0
10564624	1605665	2774	2
10568200	1606217	2165	0
10569143	1606372	2774	2
10572719	1606924	2165	0
10573662	1607079	2774	2
10577238	1607631	2165	0
10578181	1607786	2774	2
10581757	1608338	2165	0
10582700	1608493	2774	2
10586276	1609045	2165	0
10587219	1609200	2774	2
10590795	1609752	2165	0
10591738	1609907	2774	2
10595314	1610459	2165	0
10596257	1610614	2774	2
10599833	1611166	2165	0
10600776	1611321	2774	2
10604352	1611873	2165	0
10605295	1612028	2774	2
10608871	1612580	2165	0
10609814	1612735	2774	2
10613390	1613287	2165	0
10614333	1613442	2774	2
10617909	1613994	2165	0
10618852	1614149	2774	2
10622428	1614701	2165	0
10623371	1614856	2774	2
10626947	1615408	2165	0
10627890	1615563	2774	2
10631466	1616115	2165	0
10632409	1616270	2774	2
10635985	1616822	2165	0
10636928	1616977	2774	2
10640504	1617529	2165	0
10641447	1617684	2774	2
10645023	1618236	2165	0
10645966	1618391	2774	2
10649542	1618943	2165	0
10650485	1619098	2774	2
10654061	1619650	2165	0
10655004	1619805	2774	2
10658580	1620357	2165	0
10659523	1620512	2774	2
10663099	1621064	2165	0
10664042	1621219	2774	2
10667618	1621771	2165	0
10668561	1621926	2774	2
10672137	1622478	2165	0
10673080	1622633	2774	2
10676656	1623185	2165	0
10677599	1623340	2774	2
10681175	1623892	2165	0
10682118	1624047	2774	2
10685694	1624599	2165	0
10686637	1624754	2774	2
10690213	1625306	2165	0
10691156	1625461	2774	2
10694732	1626013	2165	0
10695675	1626168	2774	2
10699251	1626720	2165	0
10700194	1626875	2774	2
10703770	1627427	2165	0
10704713	1627582	2774	2
10708289	1628134	2165	0
10709232	1628289	2774	2
10712808	1628841	2165	0
10713751	1628996	2774	2
10717327	1629548	2165	0
10718270	1629703	2774	2
10721846	1630255	2165	0
10722789	1630410	2774	2
10726365	1630962	2165	0
10727308	1631117	2774	2
10730884	1631669	2165	0
10731827	1631824	2774	2
10735403	1632376	2165	0
10736346	1632531	2774	2
10739922	1633083	2165	0
10740865	1633238	2774	2
10744441	1633790	2165	0
10745384	1633945	2774	2
10748960	1634497	2165	0
10749903	1634652	2774	2
10753479	1635204	2165	0
10754422	1635359	2774	2
10757998	1635911	2165	0
10758941	1636066	2774	2
10762517	1636618	2165	0
10763460	1636773	2774	2
10767036	1637325	2165	0
10767979	1637480	2774	2
10771555	1638032	2165	0
10772498	1638187	2774	2
10776074	1638739	2165	0
10777017	1638894	2774	2
10780593	1639446	2165	0
10781536	1639601	2774	2
10785112	1640153	2165	0
10786055	1640308	2774	2
10789631	1640860	2165	0
10790574	1641015	2774	2
10794150	1641567	2165	0
10795093	1641722	2774	2
10798669	1642274	2165	0
10799612	1642429	2774	2
10803188	1642981	2165	0
10804131	1643136	2774	2
10807707	1643688	2165	0
10808650	1643843	2774	2
10812226	1644395	2165	0
10813169	1644550	2774	2
10816745	1645102	2165	0
10817688	1645257	2774	2
10821264	1645809	2165	0
10822207	1645964	2774	2
10825783	1646516	2165	0
10826726	1646671	2774	2
10830302	1647223	2165	0
10831245	1647378	2774	2
10834821	1647930	2165	0
10835764	1648085	2774	2
10839340	1648637	2165	0
10840283	1648792	2774	2
10843859	1649344	2165	0
10844802	1649499	2774	2
10848378	1650051	2165	0
10849321	1650206	2774	2
10852897	1650758	2165	0
10853840	1650913	2774	2
10857416	1651465	2165	0
10858359	1651620	2774	2
10861935	1652172	2165	0
10862878	1652327	2774	2
10866454	1652879	2165	0
10867397	1653034	2774	2
10870973	1653586	2165	0
10871916	1653741	2774	2
10875492	1654293	2165	0
10876435	1654448	2774	2
10880011	1655000	2165	0
10880954	1655155	2774	2
10884530	1655707	2165	0
10885473	1655862	2774	2
10889049	1656414	2165	0
10889992	1656569	2774	2
10893568	1657121	2165	0
10894511	1657276	2774	2
10898087	1657828	2165	0
10899030	1657983	2774	2
10902606	1658535	2165	0
10903549	1658690	2774	2
10907125	1659242	2165	0
10908068	1659397	2774	2
10911644	1659949	2165	0
10912587	1660104	2774	2
10916163	1660656	2165	0
10917106	1660811	2774	2
10920682	1661363	2165	0
10921625	1661518	2774	2
10925201	1662070	2165	0
10926144	1662225	2774	2
10929720	1662777	2165	0
10930663	1662932	2774	2
10934239	1663484	2165	0
10935182	1663639	2774	2
10938758	1664191	2165	0
10939701	1664346	2774	2
10943277	1664898	2165	0
10944220	1665053	2774	2
10947796	1665605	2165	0
10948739	1665760	2774	2
10952315	1666312	2165	0
10953258	1666467	2774	2
10956834	1667019	2165	0
10957777	1667174	2774	2
10961353	1667726	2165	0
10962296	1667881	2774	2
10965872	1668433	2165	0
10966815	1668588	2774	2
10970391	1669140	2165	0
10971334	1669295	2774	2
10974910	1669847	2165	0
10975853	1670002	2774	2
10979429	1670554	2165	0
10980372	1670709	2774	2
10983948	1671261	2165	0
10984891	1671416	2774	2
10988467	1671968	2165	0
10989410	1672123	2774	2
10992986	1672675	2165	0
10993929	1672830	2774	2
10997505	1673382	2165	0
10998448	1673537	2774	2
11002024	1674089	2165	0
11002967	1674244	2774	2
11006543	1674796	2165	0
11007486	1674951	2774	2
11011062	1675503	2165	0
11012005	1675658	2774	2
11015581	1676210	2165	0
11016524	1676365	2774	2
11020100	1676917	2165	0
11021043	1677072	2774	2
11024619	1677624	2165	0
11025562	1677779	2774	2
11029138	1678331	2165	0
11030081	1678486	2774	2
11033657	1679038	2165	0
11034600	1679193	2774	2
11038176	1679745	2165	0
11039119	1679900	2774	2
11042695	1680452	2165	0
11043638	1680607	2774	2
11047214	1681159	2165	0
11048157	1681314	2774	2
11051733	1681866	2165	0
11052676	1682021	2774	2
11056252	1682573	2165	0
11057195	1682728	2774	2
11060771	1683280	2165	0
11061714	1683435	2774	2
11065290	1683987	2165	0
11066233	1684142	2774	2
11069809	1684694	2165	0
11070752	1684849	2774	2
11074328	1685401	2165	0
11075271	1685556	2774	2
11078847	1686108	2165	0
11079790	1686263	2774	2
11083366	1686815	2165	0
11084309	1686970	2774	2
11087885	1687522	2165	0
11088828	1687677	2774	2
11092404	1688229	2165	0
11093347	1688384	2774	2
11096923	1688936	2165	0
11097866	1689091	2774	2
11101442	1689643	2165	0
11102385	1689798	2774	2
11105961	1690350	2165	0
11106904	1690505	2774	2
11110480	1691057	2165	0
11111423	1691212	2774	2
11114999	1691764	2165	0
11115942	1691919	2774	2
11119518	1692471	2165	0
11120461	1692626	2774	2
11124037	1693178	2165	0
11124980	1693333	2774	2
11128556	1693885	2165	0
11129499	1694040	2774	2
11133075	1694592	2165	0
11134018	1694747	2774	2
11137594	1695299	2165	0
11138537	1695454	2774	2
11142113	1696006	2165	0
11143056	1696161	2774	2
11146632	1696713	2165	0
11147575	1696868	2774	2
11151151	1697420	2165	0
11152094	1697575	2774	2
11155670	1698127	2165	0
11156613	1698282	2774	2
11160189	1698834	2165	0
11161132	1698989	2774	2
11164708	1699541	2165	0
11165651	1699696	2774	2
11169227	1700248	2165	0
11170170	1700403	2774	2
11173746	1700955	2165	0
11174689	1701110	2774	2
11178265	1701662	2165	0
11179208	1701817	2774	2
11182784	1702369	2165	0
11183727	1702524	2774	2
11187303	1703076	2165	0
11188246	1703231	2774	2
11191822	1703783	2165	0
11192765	1703938	2774	2
11196341	1704490	2165	0
11197284	1704645	2774	2
11200860	1705197	2165	0
11201803	1705352	2774	2
11205379	1705904	2165	0
11206322	1706059	2774	2
11209898	1706611	2165	0
11210841	1706766	2774	2
11214417	1707318	2165	0
11215360	1707473	2774	2
11218936	1708025	2165	0
11219879	1708180	2774	2
11223455	1708732	2165	0
11224398	1708887	2774	2
11227974	1709439	2165	0
11228917	1709594	2774	2
11232493	1710146	2165	0
11233436	1710301	2774	2
11237012	1710853	2165	0
11237955	1711008	2774	2
11241531	1711560	2165	0
11242474	1711715	2774	2
11246050	1712267	2165	0
11246993	1712422	2774	2
11250569	1712974	2165	0
11251512	1713129	2774	2
11255088	1713681	2165	0
11256031	1713836	2774	2
11259607	1714388	2165	0
11260550	1714543	2774	2
11264126	1715095	2165	0
11265069	1715250	2774	2
11268645	1715802	2165	0
11269588	1715957	2774	2
11273164	1716509	2165	0
11274107	1716664	2774	2
11277683	1717216	2165	0
11278626	1717371	2774	2
11282202	1717923	2165	0
11283145	1718078	2774	2
11286721	1718630	2165	0
11287664	1718785	2774	2
11291240	1719337	2165	0
11292183	1719492	2774	2
11295759	1720044	2165	0
11296702	1720199	2774	2
11300278	1720751	2165	0
11301221	1720906	2774	2
11304797	1721458	2165	0
11305740	1721613	2774	2
11309316	1722165	2165	0
11310259	1722320	2774	2
11313835	1722872	2165	0
11314778	1723027	2774	2
11318354	1723579	2165	0
11319297	1723734	2774	2
11322873	1724286	2165	0
11323816	1724441	2774	2
11327392	1724993	2165	0
11328335	1725148	2774	2
11331911	1725700	2165	0
11332854	1725855	2774	2
11336430	1726407	2165	0
11337373	1726562	2774	2
11340949	1727114	2165	0
11341892	1727269	2774	2
11345468	1727821	2165	0
11346411	1727976	2774	2
11349987	1728528	2165	0
11350930	1728683	2774	2
11354506	1729235	2165	0
11355449	1729390	2774	2
11359025	1729942	2165	0
11359968	1730097	2774	2
11363544	1730649	2165	0
11364487	1730804	2774	2
11368063	1731356	2165	0
11369006	1731511	2774	2
11372582	1732063	2165	0
11373525	1732218	2774	2
11377101	1732770	2165	0
11378044	1732925	2774	2
11381620	1733477	2165	0
11382563	1733632	2774	2
11386139	1734184	2165	0
11387082	1734339	2774	2
11390658	1734891	2165	0
11391601	1735046	2774	2
11395177	1735598	2165	0
11396120	1735753	2774	2
11399696	1736305	2165	0
11400639	1736460	2774	2
11404215	1737012	2165	0
11405158	1737167	2774	2
11408734	1737719	2165	0
11409677	1737874	2774	2
11413253	1738426	2165	0
11414196	1738581	2774	2
11417772	1739133	2165	0
11418715	1739288	2774	2
11422291	1739840	2165	0
11423234	1739995	2774	2
11426810	1740547	2165	0
11427753	1740702	2774	2
11431329	1741254	2165	0
11432272	1741409	2774	2
11435848	1741961	2165	0
11436791	1742116	2774	2
11440367	1742668	2165	0
11441310	1742823	2774	2
11444886	1743375	2165	0
11445829	1743530	2774	2
11449405	1744082	2165	0
11450348	1744237	2774	2
11453924	1744789	2165	0
11454867	1744944	2774	2
11458443	1745496	2165	0
11459386	1745651	2774	2
11462962	1746203	2165	0
11463905	1746358	2774	2
11467481	1746910	2165	0
11468424	1747065	2774	2
11472000	1747617	2165	0
11472943	1747772	2774	2
11476519	1748324	2165	0
11477462	1748479	2774	2
11481038	1749031	2165	0
11481981	1749186	2774	2
11485557	1749738	2165	0
11486500	1749893	2774	2
11490076	1750445	2165	0
11491019	1750600	2774	2
11494595	1751152	2165	0
11495538	1751307	2774	2
11499114	1751859	2165	0
11500057	1752014	2774	2
11503633	1752566	2165	0
11504576	1752721	2774	2
11508152	1753273	2165	0
11509095	1753428	2774	2
11512671	1753980	2165	0
11513614	1754135	2774	2
11517190	1754687	2165	0
11518133	1754842	2774	2
11521709	1755394	2165	0
11522652	1755549	2774	2
11526228	1756101	2165	0
11527171	1756256	2774	2
11530747	1756808	2165	0
11531690	1756963	2774	2
11535266	1757515	2165	0
11536209	1757670	2774	2
11539785	1758222	2165	0
11540728	1758377	2774	2
11544304	1758929	2165	0
11545247	1759084	2774	2
11548823	1759636	2165	0
11549766	1759791	2774	2
11553342	1760343	2165	0
11554285	1760498	2774	2
11557861	1761050	2165	0
11558804	1761205	2774	2
11562380	1761757	2165	0
11563323	1761912	2774	2
11566899	1762464	2165	0
11567842	1762619	2774	2
11571418	1763171	2165	0
11572361	1763326	2774	2
11575937	1763878	2165	0
11576880	1764033	2774	2
11580456	1764585	2165	0
11581399	1764740	2774	2
11584975	1765292	2165	0
11585918	1765447	2774	2
11589494	1765999	2165	0
11590437	1766154	2774	2
11594013	1766706	2165	0
11594956	1766861	2774	2
11598532	1767413	2165	0
11599475	1767568	2774	2
11603051	1768120	2165	0
11603994	1768275	2774	2
11607570	1768827	2165	0
11608513	1768982	2774	2
11612089	1769534	2165	0
11613032	1769689	2774	2
11616608	1770241	2165	0
11617551	1770396	2774	2
11621127	1770948	2165	0
11622070	1771103	2774	2
11625646	1771655	2165	0
11626589	1771810	2774	2
11630165	1772362	2165	0
11631108	1772517	2774	2
11634684	1773069	2165	0
11635627	1773224	2774	2
11639203	1773776	2165	0
11640146	1773931	2774	2
11643722	1774483	2165	0
11644665	1774638	2774	2
11648241	1775190	2165	0
11649184	1775345	2774	2
11652760	1775897	2165	0
11653703	1776052	2774	2
11657279	1776604	2165	0
11658222	1776759	2774	2
11661798	1777311	2165	0
11662741	1777466	2774	2
11666317	1778018	2165	0
11667260	1778173	2774	2
11670836	1778725	2165	0
11671779	1778880	2774	2
11675355	1779432	2165	0
11676298	1779587	2774	2
11679874	1780139	2165	0
11680817	1780294	2774	2
11684393	1780846	2165	0
11685336	1781001	2774	2
11688912	1781553	2165	0
11689855	1781708	2774	2
11693431	1782260	2165	0
11694374	1782415	2774	2
11697950	1782967	2165	0
11698893	1783122	2774	2
11702469	1783674	2165	0
11703412	1783829	2774	2
11706988	1784381	2165	0
11707931	1784536	2774	2
11711507	1785088	2165	0
11712450	1785243	2774	2
11716026	1785795	2165	0
11716969	1785950	2774	2
12583053	1917939	1491	3
