role	nonce	probe	field	value
blind-0	249439608138269	bytes	bytes128	7418488da54c5a59b19bcd797cd90d264974cb8aaade7e98ec48bbd0e647858383b530ad41d5979a59971036fd3f0888dff694fea1df865379c5280ea658c81f6681729424d8c0d522eb59db46c0a2707b14cd09c70ec8b9f4972cfa0c3f6f5bdd3542fd54327c0d1763ea9b811075b1301e74b86904606153f7e2633794cffb
blind-0	249439608138269	jac	jx	1c677e0fae91759002dda3a3c150ea9bc5f0c65d4ad26a4d00de7066403c12dc
blind-0	249439608138269	jac	jy	d8ef18d881d6829ff15dfabfb2842b6b90a6d9f0cd034762fdb8acfae83bd73d
blind-0	249439608138269	jac	jz	cd7847977c1e21cda10584350c7839ac47414b329782830febdee0ceb05d512b
blind-0	249439608138269	jac	kx	2364d1cf09e0aaa324a5e0a740d6baa20bf76a6de0770128b71a566577688249
blind-0	249439608138269	jac	ky	a876b19e044c42ec81aabfe77ca3ff548e1c6f75cd7cbe32dd466951872475dc
blind-0	249439608138269	jac	kz	1d82e1b6247f3a0b78628f0d71a09c6c55a3e28a6f9f72bfa70ffe0c54cd603f
blind-3	103425258175788	bytes	bytes128	764623f21ada79f919d83cead0d6655721f81dced94487d2962adff078bbb02cd1958969571d6efc351e6854db17aa8c56b6bd18d158efe80f7ed5104116f08ce03918ec9d54a17fca3c493665dbe40f8527fbe8157e17af45a1e586459f847c136830a0313d5e27c14622c77d9827dccf91922e15504eea0b7498718e443ff5
blind-3	103425258175788	jac	jx	085dd7df1902644c49f79be962ade9a93ba0192b590be412931e5faa64d0aeb0
blind-3	103425258175788	jac	jy	1d0b53e9b0ae532b6771a57c5a4f90007af6e1019a80eb6f6f33b938d3d74dec
blind-3	103425258175788	jac	jz	81c49814951a9d08e3c2f4031311372408c7027d841c7d6bb29ef020df82909d
blind-3	103425258175788	jac	kx	694dc0f3f4adad1fda16a1dc2a1b261d6e9b3cb72ace68ba79b590c648bddfb0
blind-3	103425258175788	jac	ky	7b13f269972f02b2e9f936d61f38fce30979f939d091045412c95572a57dff49
blind-3	103425258175788	jac	kz	d2cc40c43d3a525b0c4cd2b93cea5b54f4b87dfd2d9d5374a0f642bdba85e099
blind-7	58779386481846	bytes	bytes128	dc6c2bf0872eaffe46f1fb6aca629ee223659aed729d66d7ffe14af8e5a34903fc8d03d5864946df71b380588f0d09276151505cd83d029a504c32f5d702231d518e6536fbfdfe1460f0fb01e2c8896cfe1e3264a785ccec81aa848a5baf781016c263817f1a82cd69631bc7db209e71c5c53b57c6b8d2b2257fa2fb9d7dd802
blind-7	58779386481846	jac	jx	e31bffa09173aabf90e77fb09b5b0aa04450f176b5dd538f10942be70daa3767
blind-7	58779386481846	jac	jy	2d99c42598270a4a3ceb93f5d77714573b731edf16140f2ec7eb166742df5cfc
blind-7	58779386481846	jac	jz	f1e75a0552e40be7c80381b8315d014df78ed3d12d5ad8b790b2ae6ab1ee40e0
blind-7	58779386481846	jac	kx	60c1c6aa37a71acea4fdf9451ba4724917f8196bd0de9bfdaa45f0a1f573e6dc
blind-7	58779386481846	jac	ky	356cc4dc1dd565439030f430cc98f6a76baaaad07b46a2115a50a5f4ec8a8351
blind-7	58779386481846	jac	kz	b8ecc6dc3fa5012a1c94c1877f4cd17d36cb2211cea2d68f2a578e11008a814a
