role	nonce	derivation_sha256	cpu_truth
calibration	8107117281543	baked-source-default	KNOWN_15_CLASSICAL
blind-0	17527543314687	0ff0f2fe38ff0f56c63ef801a253f536ed151f6764c6f3dae4206267cf3253e4	20-exact-index-mask-lines
blind-1	15931035271292	0e7d3bb2c07c386890f5535dc004e0ba5a38c0cf62c93868cd3757ff8e1984e2	13-exact-index-mask-lines
blind-2	50131060585572	2d980c0ef4644e95b5bc803dc1884ecd9536e8fb13fa094adb294fea3a1e45b4	19-exact-index-mask-lines
blind-3	264024562862548	f021024809d46a7965736b055d6aa4d17d2aa02fa67983ce545d887f64382342	22-exact-index-mask-lines
blind-4	86441894593936	4e9e526bc5904f8a187ed3b03f46002e3197c6be8911ec1296637ea482bc52f6	21-exact-index-mask-lines
blind-5	87110418016548	4f39f985a92482e46f0d7d913ebe2641f6f967e0ca000572c6ac80d8401728e5	15-exact-index-mask-lines
blind-6	137270568329738	7cd8cb76a20a8b296b9c3e949315792a7e23f44ea6ffcace24129390c5362a0a	18-exact-index-mask-lines
blind-7	208497242554505	bda08c144089f8d5c901ec640e871106fc3e9243ac74619da5c0595b23aadfd6	22-exact-index-mask-lines
