5267	623	1501	3
11875	1544	1501	3
931154	142439	1547	0
932300	142595	1783	1
935887	143151	1547	0
937033	143307	1783	1
940620	143863	1547	0
941766	144019	1783	1
945353	144575	1547	0
946499	144731	1783	1
950086	145287	1547	0
951232	145443	1783	1
954819	145999	1547	0
955965	146155	1783	1
959552	146711	1547	0
960698	146867	1783	1
964285	147423	1547	0
965431	147579	1783	1
969018	148135	1547	0
970164	148291	1783	1
973751	148847	1547	0
974897	149003	1783	1
978484	149559	1547	0
979630	149715	1783	1
983217	150271	1547	0
984363	150427	1783	1
987950	150983	1547	0
989096	151139	1783	1
992683	151695	1547	0
993829	151851	1783	1
997416	152407	1547	0
998562	152563	1783	1
1002149	153119	1547	0
1003295	153275	1783	1
1006882	153831	1547	0
1008028	153987	1783	1
1011615	154543	1547	0
1012761	154699	1783	1
1016348	155255	1547	0
1017494	155411	1783	1
1021081	155967	1547	0
1022227	156123	1783	1
1025814	156679	1547	0
1026960	156835	1783	1
1030547	157391	1547	0
1031693	157547	1783	1
1035280	158103	1547	0
1036426	158259	1783	1
1040013	158815	1547	0
1041159	158971	1783	1
1044746	159527	1547	0
1045892	159683	1783	1
1049479	160239	1547	0
1050625	160395	1783	1
1054212	160951	1547	0
1055358	161107	1783	1
1058945	161663	1547	0
1060091	161819	1783	1
1063678	162375	1547	0
1064824	162531	1783	1
1068411	163087	1547	0
1069557	163243	1783	1
1073144	163799	1547	0
1074290	163955	1783	1
1077877	164511	1547	0
1079023	164667	1783	1
1082610	165223	1547	0
1083756	165379	1783	1
1087343	165935	1547	0
1088489	166091	1783	1
1092076	166647	1547	0
1093222	166803	1783	1
1096809	167359	1547	0
1097955	167515	1783	1
1101542	168071	1547	0
1102688	168227	1783	1
1106275	168783	1547	0
1107421	168939	1783	1
1111008	169495	1547	0
1112154	169651	1783	1
1115741	170207	1547	0
1116887	170363	1783	1
1120474	170919	1547	0
1121620	171075	1783	1
1125207	171631	1547	0
1126353	171787	1783	1
1129940	172343	1547	0
1131086	172499	1783	1
1134673	173055	1547	0
1135819	173211	1783	1
1139406	173767	1547	0
1140552	173923	1783	1
1144139	174479	1547	0
1145285	174635	1783	1
1148872	175191	1547	0
1150018	175347	1783	1
1153605	175903	1547	0
1154751	176059	1783	1
1158338	176615	1547	0
1159484	176771	1783	1
1163071	177327	1547	0
1164217	177483	1783	1
1167804	178039	1547	0
1168950	178195	1783	1
1172537	178751	1547	0
1173683	178907	1783	1
1177270	179463	1547	0
1178416	179619	1783	1
1182003	180175	1547	0
1183149	180331	1783	1
1186736	180887	1547	0
1187882	181043	1783	1
1191469	181599	1547	0
1192615	181755	1783	1
1196202	182311	1547	0
1197348	182467	1783	1
1200935	183023	1547	0
1202081	183179	1783	1
1205668	183735	1547	0
1206814	183891	1783	1
1210401	184447	1547	0
1211547	184603	1783	1
1215134	185159	1547	0
1216280	185315	1783	1
1219867	185871	1547	0
1221013	186027	1783	1
1224600	186583	1547	0
1225746	186739	1783	1
1229333	187295	1547	0
1230479	187451	1783	1
1234066	188007	1547	0
1235212	188163	1783	1
1238799	188719	1547	0
1239945	188875	1783	1
1243532	189431	1547	0
1244678	189587	1783	1
1248265	190143	1547	0
1249411	190299	1783	1
1252998	190855	1547	0
1254144	191011	1783	1
1257731	191567	1547	0
1258877	191723	1783	1
1262464	192279	1547	0
1263610	192435	1783	1
1267197	192991	1547	0
1268343	193147	1783	1
1271930	193703	1547	0
1273076	193859	1783	1
1276663	194415	1547	0
1277809	194571	1783	1
1281396	195127	1547	0
1282542	195283	1783	1
1286129	195839	1547	0
1287275	195995	1783	1
1290862	196551	1547	0
1292008	196707	1783	1
1295595	197263	1547	0
1296741	197419	1783	1
1300328	197975	1547	0
1301474	198131	1783	1
1305061	198687	1547	0
1306207	198843	1783	1
1309794	199399	1547	0
1310940	199555	1783	1
1314527	200111	1547	0
1315673	200267	1783	1
1319260	200823	1547	0
1320406	200979	1783	1
1323993	201535	1547	0
1325139	201691	1783	1
1328726	202247	1547	0
1329872	202403	1783	1
1333459	202959	1547	0
1334605	203115	1783	1
1338192	203671	1547	0
1339338	203827	1783	1
1342925	204383	1547	0
1344071	204539	1783	1
1347658	205095	1547	0
1348804	205251	1783	1
1352391	205807	1547	0
1353537	205963	1783	1
1357124	206519	1547	0
1358270	206675	1783	1
1361857	207231	1547	0
1363003	207387	1783	1
1366590	207943	1547	0
1367736	208099	1783	1
1371323	208655	1547	0
1372469	208811	1783	1
1376056	209367	1547	0
1377202	209523	1783	1
1380789	210079	1547	0
1381935	210235	1783	1
1385522	210791	1547	0
1386668	210947	1783	1
1390255	211503	1547	0
1391401	211659	1783	1
1394988	212215	1547	0
1396134	212371	1783	1
1399721	212927	1547	0
1400867	213083	1783	1
1404454	213639	1547	0
1405600	213795	1783	1
1409187	214351	1547	0
1410333	214507	1783	1
1413920	215063	1547	0
1415066	215219	1783	1
1418653	215775	1547	0
1419799	215931	1783	1
1423386	216487	1547	0
1424532	216643	1783	1
1428119	217199	1547	0
1429265	217355	1783	1
1432852	217911	1547	0
1433998	218067	1783	1
1437585	218623	1547	0
1438731	218779	1783	1
1442318	219335	1547	0
1443464	219491	1783	1
1447051	220047	1547	0
1448197	220203	1783	1
1451784	220759	1547	0
1452930	220915	1783	1
1456517	221471	1547	0
1457663	221627	1783	1
1461250	222183	1547	0
1462396	222339	1783	1
1465983	222895	1547	0
1467129	223051	1783	1
1470716	223607	1547	0
1471862	223763	1783	1
1475449	224319	1547	0
1476595	224475	1783	1
1480182	225031	1547	0
1481328	225187	1783	1
1484915	225743	1547	0
1486061	225899	1783	1
1489648	226455	1547	0
1490794	226611	1783	1
1494381	227167	1547	0
1495527	227323	1783	1
1499114	227879	1547	0
1500260	228035	1783	1
1503847	228591	1547	0
1504993	228747	1783	1
1508580	229303	1547	0
1509726	229459	1783	1
1513313	230015	1547	0
1514459	230171	1783	1
1518046	230727	1547	0
1519192	230883	1783	1
1522779	231439	1547	0
1523925	231595	1783	1
1527512	232151	1547	0
1528658	232307	1783	1
1532245	232863	1547	0
1533391	233019	1783	1
1536978	233575	1547	0
1538124	233731	1783	1
1541711	234287	1547	0
1542857	234443	1783	1
1546444	234999	1547	0
1547590	235155	1783	1
1551177	235711	1547	0
1552323	235867	1783	1
1555910	236423	1547	0
1557056	236579	1783	1
1560643	237135	1547	0
1561789	237291	1783	1
1565376	237847	1547	0
1566522	238003	1783	1
1570109	238559	1547	0
1571255	238715	1783	1
1574842	239271	1547	0
1575988	239427	1783	1
1579575	239983	1547	0
1580721	240139	1783	1
1584308	240695	1547	0
1585454	240851	1783	1
1589041	241407	1547	0
1590187	241563	1783	1
1593774	242119	1547	0
1594920	242275	1783	1
1598507	242831	1547	0
1599653	242987	1783	1
1603240	243543	1547	0
1604386	243699	1783	1
1607973	244255	1547	0
1609119	244411	1783	1
1612706	244967	1547	0
1613852	245123	1783	1
1617439	245679	1547	0
1618585	245835	1783	1
1622172	246391	1547	0
1623318	246547	1783	1
1626905	247103	1547	0
1628051	247259	1783	1
1631638	247815	1547	0
1632784	247971	1783	1
1636371	248527	1547	0
1637517	248683	1783	1
1641104	249239	1547	0
1642250	249395	1783	1
1645837	249951	1547	0
1646983	250107	1783	1
1650570	250663	1547	0
1651716	250819	1783	1
1655303	251375	1547	0
1656449	251531	1783	1
1660036	252087	1547	0
1661182	252243	1783	1
1664769	252799	1547	0
1665915	252955	1783	1
1669502	253511	1547	0
1670648	253667	1783	1
1674235	254223	1547	0
1675381	254379	1783	1
1678968	254935	1547	0
1680114	255091	1783	1
1683701	255647	1547	0
1684847	255803	1783	1
1688434	256359	1547	0
1689580	256515	1783	1
1693167	257071	1547	0
1694313	257227	1783	1
1697900	257783	1547	0
1699046	257939	1783	1
1702633	258495	1547	0
1703779	258651	1783	1
1707366	259207	1547	0
1708512	259363	1783	1
1712099	259919	1547	0
1713245	260075	1783	1
1716832	260631	1547	0
1717978	260787	1783	1
1721565	261343	1547	0
1722711	261499	1783	1
1726298	262055	1547	0
1727444	262211	1783	1
1731031	262767	1547	0
1732177	262923	1783	1
1735764	263479	1547	0
1736910	263635	1783	1
1740497	264191	1547	0
1741643	264347	1783	1
1745230	264903	1547	0
1746376	265059	1783	1
1749963	265615	1547	0
1751109	265771	1783	1
1754696	266327	1547	0
1755842	266483	1783	1
1759429	267039	1547	0
1760575	267195	1783	1
1764162	267751	1547	0
1765308	267907	1783	1
1768895	268463	1547	0
1770041	268619	1783	1
1773628	269175	1547	0
1774774	269331	1783	1
1778361	269887	1547	0
1779507	270043	1783	1
1783094	270599	1547	0
1784240	270755	1783	1
1787827	271311	1547	0
1788973	271467	1783	1
1792560	272023	1547	0
1793706	272179	1783	1
1797293	272735	1547	0
1798439	272891	1783	1
1802026	273447	1547	0
1803172	273603	1783	1
1806759	274159	1547	0
1807905	274315	1783	1
1811492	274871	1547	0
1812638	275027	1783	1
1816225	275583	1547	0
1817371	275739	1783	1
1820958	276295	1547	0
1822104	276451	1783	1
1825691	277007	1547	0
1826837	277163	1783	1
1830424	277719	1547	0
1831570	277875	1783	1
1835157	278431	1547	0
1836303	278587	1783	1
1839890	279143	1547	0
1841036	279299	1783	1
1844623	279855	1547	0
1845769	280011	1783	1
1849356	280567	1547	0
1850502	280723	1783	1
1854089	281279	1547	0
1855235	281435	1783	1
1858822	281991	1547	0
1859968	282147	1783	1
1863555	282703	1547	0
1864701	282859	1783	1
1868288	283415	1547	0
1869434	283571	1783	1
1873021	284127	1547	0
1874167	284283	1783	1
1877754	284839	1547	0
1878900	284995	1783	1
1882487	285551	1547	0
1883633	285707	1783	1
1887220	286263	1547	0
1888366	286419	1783	1
1891953	286975	1547	0
1893099	287131	1783	1
1896686	287687	1547	0
1897832	287843	1783	1
1901419	288399	1547	0
1902565	288555	1783	1
1906152	289111	1547	0
1907298	289267	1783	1
1910885	289823	1547	0
1912031	289979	1783	1
1915618	290535	1547	0
1916764	290691	1783	1
1920351	291247	1547	0
1921497	291403	1783	1
1925084	291959	1547	0
1926230	292115	1783	1
1929817	292671	1547	0
1930963	292827	1783	1
1934550	293383	1547	0
1935696	293539	1783	1
1939283	294095	1547	0
1940429	294251	1783	1
1944016	294807	1547	0
1945162	294963	1783	1
1948749	295519	1547	0
1949895	295675	1783	1
1953482	296231	1547	0
1954628	296387	1783	1
1958215	296943	1547	0
1959361	297099	1783	1
1962948	297655	1547	0
1964094	297811	1783	1
1967681	298367	1547	0
1968827	298523	1783	1
1972414	299079	1547	0
1973560	299235	1783	1
1977147	299791	1547	0
1978293	299947	1783	1
1981880	300503	1547	0
1983026	300659	1783	1
1986613	301215	1547	0
1987759	301371	1783	1
1991346	301927	1547	0
1992492	302083	1783	1
1996079	302639	1547	0
1997225	302795	1783	1
2000812	303351	1547	0
2001958	303507	1783	1
2005545	304063	1547	0
2006691	304219	1783	1
2010278	304775	1547	0
2011424	304931	1783	1
2015011	305487	1547	0
2016157	305643	1783	1
2019744	306199	1547	0
2020890	306355	1783	1
2024477	306911	1547	0
2025623	307067	1783	1
2029210	307623	1547	0
2030356	307779	1783	1
2033943	308335	1547	0
2035089	308491	1783	1
2038676	309047	1547	0
2039822	309203	1783	1
2043409	309759	1547	0
2044555	309915	1783	1
2048142	310471	1547	0
2049288	310627	1783	1
2052875	311183	1547	0
2054021	311339	1783	1
2057608	311895	1547	0
2058754	312051	1783	1
2062341	312607	1547	0
2063487	312763	1783	1
2067074	313319	1547	0
2068220	313475	1783	1
2071807	314031	1547	0
2072953	314187	1783	1
2076540	314743	1547	0
2077686	314899	1783	1
2081273	315455	1547	0
2082419	315611	1783	1
2086006	316167	1547	0
2087152	316323	1783	1
2090739	316879	1547	0
2091885	317035	1783	1
2095472	317591	1547	0
2096618	317747	1783	1
2100205	318303	1547	0
2101351	318459	1783	1
2104938	319015	1547	0
2106084	319171	1783	1
2109671	319727	1547	0
2110817	319883	1783	1
2114404	320439	1547	0
2115550	320595	1783	1
2119137	321151	1547	0
2120283	321307	1783	1
2123870	321863	1547	0
2125016	322019	1783	1
2128603	322575	1547	0
2129749	322731	1783	1
2133336	323287	1547	0
2134482	323443	1783	1
2138069	323999	1547	0
2139215	324155	1783	1
2142802	324711	1547	0
2143948	324867	1783	1
2147535	325423	1547	0
2148681	325579	1783	1
2152268	326135	1547	0
2153414	326291	1783	1
2157001	326847	1547	0
2158147	327003	1783	1
2161734	327559	1547	0
2162880	327715	1783	1
2166467	328271	1547	0
2167613	328427	1783	1
2171200	328983	1547	0
2172346	329139	1783	1
2175933	329695	1547	0
2177079	329851	1783	1
2180666	330407	1547	0
2181812	330563	1783	1
2185399	331119	1547	0
2186545	331275	1783	1
2190132	331831	1547	0
2191278	331987	1783	1
2194865	332543	1547	0
2196011	332699	1783	1
2199598	333255	1547	0
2200744	333411	1783	1
2204331	333967	1547	0
2205477	334123	1783	1
2209064	334679	1547	0
2210210	334835	1783	1
2213797	335391	1547	0
2214943	335547	1783	1
2218530	336103	1547	0
2219676	336259	1783	1
2223263	336815	1547	0
2224409	336971	1783	1
2227996	337527	1547	0
2229142	337683	1783	1
2232729	338239	1547	0
2233875	338395	1783	1
2237462	338951	1547	0
2238608	339107	1783	1
2242195	339663	1547	0
2243341	339819	1783	1
2246928	340375	1547	0
2248074	340531	1783	1
2251661	341087	1547	0
2252807	341243	1783	1
2256394	341799	1547	0
2257540	341955	1783	1
2261127	342511	1547	0
2262273	342667	1783	1
2265860	343223	1547	0
2267006	343379	1783	1
2270593	343935	1547	0
2271739	344091	1783	1
2275326	344647	1547	0
2276472	344803	1783	1
2280059	345359	1547	0
2281205	345515	1783	1
2284792	346071	1547	0
2285938	346227	1783	1
2289525	346783	1547	0
2290671	346939	1783	1
2294258	347495	1547	0
2295404	347651	1783	1
2298991	348207	1547	0
2300137	348363	1783	1
2303724	348919	1547	0
2304870	349075	1783	1
2308457	349631	1547	0
2309603	349787	1783	1
2313190	350343	1547	0
2314336	350499	1783	1
2317923	351055	1547	0
2319069	351211	1783	1
2322656	351767	1547	0
2323802	351923	1783	1
2327389	352479	1547	0
2328535	352635	1783	1
2332122	353191	1547	0
2333268	353347	1783	1
2336855	353903	1547	0
2338001	354059	1783	1
2341588	354615	1547	0
2342734	354771	1783	1
2346321	355327	1547	0
2347467	355483	1783	1
2351054	356039	1547	0
2352200	356195	1783	1
2355787	356751	1547	0
2356933	356907	1783	1
2360520	357463	1547	0
2361666	357619	1783	1
2365253	358175	1547	0
2366399	358331	1783	1
2369986	358887	1547	0
2371132	359043	1783	1
2374719	359599	1547	0
2375865	359755	1783	1
2379452	360311	1547	0
2380598	360467	1783	1
2384185	361023	1547	0
2385331	361179	1783	1
2388918	361735	1547	0
2390064	361891	1783	1
2393651	362447	1547	0
2394797	362603	1783	1
2398384	363159	1547	0
2399530	363315	1783	1
2403117	363871	1547	0
2404263	364027	1783	1
2407850	364583	1547	0
2408996	364739	1783	1
2412583	365295	1547	0
2413729	365451	1783	1
2417316	366007	1547	0
2418462	366163	1783	1
2422049	366719	1547	0
2423195	366875	1783	1
2426782	367431	1547	0
2427928	367587	1783	1
2431515	368143	1547	0
2432661	368299	1783	1
2436248	368855	1547	0
2437394	369011	1783	1
2440981	369567	1547	0
2442127	369723	1783	1
2445714	370279	1547	0
2446860	370435	1783	1
2450447	370991	1547	0
2451593	371147	1783	1
2455180	371703	1547	0
2456326	371859	1783	1
2459913	372415	1547	0
2461059	372571	1783	1
2464646	373127	1547	0
2465792	373283	1783	1
2469379	373839	1547	0
2470525	373995	1783	1
2474112	374551	1547	0
2475258	374707	1783	1
2478845	375263	1547	0
2479991	375419	1783	1
2483578	375975	1547	0
2484724	376131	1783	1
2488311	376687	1547	0
2489457	376843	1783	1
2493044	377399	1547	0
2494190	377555	1783	1
2497777	378111	1547	0
2498923	378267	1783	1
2502510	378823	1547	0
2503656	378979	1783	1
2507243	379535	1547	0
2508389	379691	1783	1
2511976	380247	1547	0
2513122	380403	1783	1
2516709	380959	1547	0
2517855	381115	1783	1
2521442	381671	1547	0
2522588	381827	1783	1
2526175	382383	1547	0
2527321	382539	1783	1
2532962	383412	1547	0
2534108	383568	1783	1
2539761	384443	1547	0
2540907	384599	1783	1
2545302	385222	1547	0
2546598	385481	1547	0
2547744	385637	1783	1
2553425	386518	1547	0
2554571	386674	1783	1
2558941	387293	1547	0
2560237	387552	1547	0
2561383	387708	1783	1
2565775	388331	1547	0
2567085	388592	1547	0
2568231	388748	1783	1
2572629	389373	1547	0
2573925	389632	1547	0
2575071	389788	1783	1
2579438	390407	1547	0
2580748	390668	1547	0
2581894	390824	1783	1
2586267	391445	1547	0
2587563	391704	1547	0
2588709	391860	1783	1
2593051	392475	1547	0
2594361	392736	1547	0
2595507	392892	1783	1
2599855	393509	1547	0
2601151	393768	1547	0
2602297	393924	1783	1
2606614	394535	1547	0
2607924	394796	1547	0
2609070	394952	1783	1
2613409	395567	1547	0
2614733	395830	1547	0
2615879	395986	1783	1
2620224	396603	1547	0
2621534	396864	1547	0
2622680	397020	1783	1
2626994	397631	1547	0
2628318	397894	1547	0
2629464	398050	1783	1
2633784	398663	1547	0
2635094	398924	1547	0
2636240	399080	1783	1
2640529	399687	1547	0
2641853	399950	1547	0
2642999	400106	1783	1
2647294	400715	1547	0
2648604	400976	1547	0
2649750	401132	1783	1
2654014	401735	1547	0
2655338	401998	1547	0
2656484	402154	1783	1
2660754	402759	1547	0
2662064	403020	1547	0
2663210	403176	1783	1
2667449	403775	1547	0
2668773	404038	1547	0
2669919	404194	1783	1
2674180	404797	1547	0
2675518	405062	1547	0
2676664	405218	1783	1
2680931	405823	1547	0
2682255	406086	1547	0
2683401	406242	1783	1
2687637	406841	1547	0
2688975	407106	1547	0
2690121	407262	1783	1
2694363	407863	1547	0
2695687	408126	1547	0
2696833	408282	1783	1
2701044	408877	1547	0
2702382	409142	1547	0
2703528	409298	1783	1
2707761	409897	1547	0
2709113	410164	1547	0
2710259	410320	1783	1
2714514	410923	1547	0
2715880	411192	1547	0
2717026	411348	1783	1
2721287	411953	1547	0
2722639	412220	1547	0
2723785	412376	1783	1
2728015	412975	1547	0
2729381	413244	1547	0
2730527	413400	1783	1
2734779	414003	1547	0
2736159	414274	1547	0
2737305	414430	1783	1
2741563	415035	1547	0
2742929	415304	1547	0
2744075	415460	1783	1
2748302	416059	1547	0
2749682	416330	1547	0
2750828	416486	1783	1
2755077	417089	1547	0
2756471	417362	1547	0
2757617	417518	1783	1
2761872	418123	1547	0
2763252	418394	1547	0
2764398	418550	1783	1
2768622	419149	1547	0
2770016	419422	1547	0
2771162	419578	1783	1
2775408	420181	1547	0
2776816	420456	1547	0
2777962	420612	1783	1
2782214	421217	1547	0
2783608	421490	1547	0
2784754	421646	1783	1
2788975	422245	1547	0
2790383	422520	1547	0
2791529	422676	1783	1
2795756	423277	1547	0
2797150	423550	1547	0
2798296	423706	1783	1
2802492	424301	1547	0
2803900	424576	1547	0
2805046	424732	1783	1
2809264	425331	1547	0
2810686	425608	1547	0
2811832	425764	1783	1
2816056	426365	1547	0
2817464	426640	1547	0
2818610	426796	1783	1
2822803	427391	1547	0
2824225	427668	1547	0
2825371	427824	1783	1
2829570	428421	1547	0
2830978	428696	1547	0
2832124	428852	1783	1
2836292	429443	1547	0
2837714	429720	1547	0
2838860	429876	1783	1
2843370	430535	1547	0
2844462	430746	1547	0
2845608	430902	1783	1
2850130	431563	1547	0
2851222	431774	1547	0
2852368	431930	1783	1
2856906	432595	1547	0
2857998	432806	1547	0
2859144	432962	1783	1
2863641	433619	1547	0
2864733	433830	1547	0
2865879	433986	1783	1
2870388	434645	1547	0
2871480	434856	1547	0
2872626	435012	1783	1
2877151	435675	1547	0
2878243	435886	1547	0
2879389	436042	1783	1
2883873	436697	1547	0
2884965	436908	1547	0
2886111	437064	1783	1
2890611	437723	1547	0
2891703	437934	1547	0
2892849	438090	1783	1
2897308	438741	1547	0
2898400	438952	1547	0
2899546	439108	1783	1
2904021	439763	1547	0
2905113	439974	1547	0
2906259	440130	1783	1
2910693	440777	1547	0
2911785	440988	1547	0
2912931	441144	1783	1
2917377	441793	1547	0
2918469	442004	1547	0
2919615	442160	1783	1
2924077	442813	1547	0
2925169	443024	1547	0
2926315	443180	1783	1
2930736	443825	1547	0
2931828	444036	1547	0
2932974	444192	1783	1
2937411	444841	1547	0
2938503	445052	1547	0
2939649	445208	1783	1
2944045	445849	1547	0
2945137	446060	1547	0
2946283	446216	1783	1
2950691	446859	1547	0
2951783	447070	1547	0
2952929	447226	1783	1
2957353	447873	1547	0
2958445	448084	1547	0
2959591	448240	1783	1
2963974	448879	1547	0
2965066	449090	1547	0
2966212	449246	1783	1
2970607	449887	1547	0
2971699	450098	1547	0
2972845	450254	1783	1
2977256	450899	1547	0
2978348	451110	1547	0
2979494	451266	1783	1
2983864	451903	1547	0
2984956	452114	1547	0
2986102	452270	1783	1
2990488	452911	1547	0
2991580	453122	1547	0
2992726	453278	1783	1
2997071	453911	1547	0
2998163	454122	1547	0
2999309	454278	1783	1
3003666	454913	1547	0
3004758	455124	1547	0
3005904	455280	1783	1
3010273	455917	1547	0
3011365	456128	1547	0
3012511	456284	1783	1
3016892	456923	1547	0
3017984	457134	1547	0
3019130	457290	1783	1
3023527	457933	1547	0
3024619	458144	1547	0
3025765	458300	1783	1
3030121	458935	1547	0
3031213	459146	1547	0
3032359	459302	1783	1
3036731	459941	1547	0
3037823	460152	1547	0
3038969	460308	1783	1
3043300	460939	1547	0
3044392	461150	1547	0
3045538	461306	1783	1
3049881	461939	1547	0
3050973	462150	1547	0
3052119	462306	1783	1
3056478	462943	1547	0
3057570	463154	1547	0
3058716	463310	1783	1
3063034	463939	1547	0
3064126	464150	1547	0
3065272	464306	1783	1
3069606	464939	1547	0
3070698	465150	1547	0
3071844	465306	1783	1
3076137	465931	1547	0
3077229	466142	1547	0
3078375	466298	1783	1
3082680	466925	1547	0
3083772	467136	1547	0
3084918	467292	1783	1
3089239	467923	1547	0
3090331	468134	1547	0
3091477	468290	1783	1
3095757	468913	1547	0
3096849	469124	1547	0
3097995	469280	1783	1
3102287	469905	1547	0
3103379	470116	1547	0
3104525	470272	1783	1
3108829	470899	1547	0
3109921	471110	1547	0
3111067	471266	1783	1
3115387	471897	1547	0
3116479	472108	1547	0
3117625	472264	1783	1
3121904	472887	1547	0
3122996	473098	1547	0
3124142	473254	1783	1
3128437	473881	1547	0
3129529	474092	1547	0
3130675	474248	1783	1
3134929	474867	1547	0
3136021	475078	1547	0
3137167	475234	1783	1
3141437	475857	1547	0
3142529	476068	1547	0
3143675	476224	1783	1
3147904	476839	1547	0
3148996	477050	1547	0
3150142	477206	1783	1
3154383	477823	1547	0
3155475	478034	1547	0
3156621	478190	1783	1
3160874	478809	1547	0
3161966	479020	1547	0
3163112	479176	1783	1
3167377	479797	1547	0
3168469	480008	1547	0
3169615	480164	1783	1
3173896	480789	1547	0
3174988	481000	1547	0
3176134	481156	1783	1
3180374	481773	1547	0
3181466	481984	1547	0
3182612	482140	1783	1
3186868	482761	1547	0
3187960	482972	1547	0
3189106	483128	1783	1
3193321	483741	1547	0
3194413	483952	1547	0
3195559	484108	1783	1
3199790	484725	1547	0
3200882	484936	1547	0
3202028	485092	1783	1
3206218	485701	1547	0
3207310	485912	1547	0
3208456	486068	1783	1
3212662	486681	1547	0
3213754	486892	1547	0
3214900	487048	1783	1
3219065	487653	1547	0
3220157	487864	1547	0
3221303	488020	1783	1
3225484	488629	1547	0
3226576	488840	1547	0
3227722	488996	1783	1
3231862	489597	1547	0
3232954	489808	1547	0
3234100	489964	1783	1
3238256	490569	1547	0
3239348	490780	1547	0
3240494	490936	1783	1
3244621	491535	1547	0
3245713	491746	1547	0
3246859	491902	1783	1
3250986	492501	1547	0
3252078	492712	1547	0
3253224	492868	1783	1
3257363	493469	1547	0
3258455	493680	1547	0
3259601	493836	1783	1
3263752	494439	1547	0
3264844	494650	1547	0
3265990	494806	1783	1
3270157	495413	1547	0
3271249	495624	1547	0
3272395	495780	1783	1
3276521	496379	1547	0
3277613	496590	1547	0
3278759	496746	1783	1
3282901	497349	1547	0
3283993	497560	1547	0
3285139	497716	1783	1
3289240	498311	1547	0
3290332	498522	1547	0
3291478	498678	1783	1
3295595	499277	1547	0
3296687	499488	1547	0
3297833	499644	1783	1
3301921	500237	1547	0
3303013	500448	1547	0
3304159	500604	1783	1
3308251	501199	1547	0
3309343	501410	1547	0
3310489	501566	1783	1
3314526	502150	1547	0
3315618	502361	1547	0
3316764	502517	1783	1
3320843	503110	1547	0
3321935	503321	1547	0
3323081	503477	1783	1
3327105	504059	1547	0
3328197	504270	1547	0
3329343	504426	1783	1
3333367	505008	1547	0
3334459	505219	1547	0
3335605	505375	1783	1
3339667	505964	1547	0
3340759	506175	1547	0
3341905	506331	1783	1
3345971	506922	1547	0
3347063	507133	1547	0
3348209	507289	1783	1
3352224	507871	1547	0
3353316	508082	1547	0
3354462	508238	1783	1
3358460	508816	1547	0
3359552	509027	1547	0
3360698	509183	1783	1
3364700	509763	1547	0
3365792	509974	1547	0
3366938	510130	1783	1
3370923	510706	1547	0
3372015	510917	1547	0
3373161	511073	1783	1
3377150	511651	1547	0
3378242	511862	1547	0
3379388	512018	1783	1
3383360	512592	1547	0
3384452	512803	1547	0
3385598	512959	1783	1
3389570	513533	1547	0
3390662	513744	1547	0
3391808	513900	1783	1
3395784	514476	1547	0
3396876	514687	1547	0
3398022	514843	1783	1
3401981	515415	1547	0
3403073	515626	1547	0
3404219	515782	1783	1
3408178	516354	1547	0
3409270	516565	1547	0
3410416	516721	1783	1
3414379	517295	1547	0
3415471	517506	1547	0
3416617	517662	1783	1
3420563	518232	1547	0
3421655	518443	1547	0
3422801	518599	1783	1
3426747	519169	1547	0
3427839	519380	1547	0
3428985	519536	1783	1
3432935	520108	1547	0
3434027	520319	1547	0
3435173	520475	1783	1
3439106	521043	1547	0
3440198	521254	1547	0
3441344	521410	1783	1
3445281	521980	1547	0
3446373	522191	1547	0
3447519	522347	1783	1
3451439	522913	1547	0
3452531	523124	1547	0
3453677	523280	1783	1
3457597	523846	1547	0
3458689	524057	1547	0
3459835	524213	1783	1
3463759	524781	1547	0
3464851	524992	1547	0
3465997	525148	1783	1
3469904	525712	1547	0
3470996	525923	1547	0
3472142	526079	1783	1
3476053	526645	1547	0
3477145	526856	1547	0
3478291	527012	1783	1
3482185	527574	1547	0
3483277	527785	1547	0
3484423	527941	1783	1
3488317	528503	1547	0
3489409	528714	1547	0
3490555	528870	1783	1
3494449	529432	1547	0
3495541	529643	1547	0
3496687	529799	1783	1
3500585	530363	1547	0
3501677	530574	1547	0
3502823	530730	1783	1
3506704	531290	1547	0
3507796	531501	1547	0
3508942	531657	1783	1
3512823	532217	1547	0
3513915	532428	1547	0
3515061	532584	1783	1
3518946	533146	1547	0
3520038	533357	1547	0
3521184	533513	1783	1
3525052	534071	1547	0
3526144	534282	1547	0
3527290	534438	1783	1
3531162	534998	1547	0
3532254	535209	1547	0
3533400	535365	1783	1
3537255	535921	1547	0
3538347	536132	1547	0
3539493	536288	1783	1
3543352	536846	1547	0
3544444	537057	1547	0
3545590	537213	1783	1
3549432	537767	1547	0
3550524	537978	1547	0
3551670	538134	1783	1
3555512	538688	1547	0
3556604	538899	1547	0
3557750	539055	1783	1
3561592	539609	1547	0
3562684	539820	1547	0
3563830	539976	1783	1
3567676	540532	1547	0
3568768	540743	1547	0
3569914	540899	1783	1
3573743	541451	1547	0
3574835	541662	1547	0
3575981	541818	1783	1
3579814	542372	1547	0
3580906	542583	1547	0
3582052	542739	1783	1
3585872	543291	1547	0
3586964	543502	1547	0
3588110	543658	1783	1
3591913	544206	1547	0
3593005	544417	1547	0
3594151	544573	1783	1
3597954	545121	1547	0
3599046	545332	1547	0
3600192	545488	1783	1
3603995	546036	1547	0
3605087	546247	1547	0
3606233	546403	1783	1
3610040	546953	1547	0
3611132	547164	1547	0
3612278	547320	1783	1
3616068	547866	1547	0
3617160	548077	1547	0
3618306	548233	1783	1
3622100	548781	1547	0
3623192	548992	1547	0
3624338	549148	1783	1
3628115	549692	1547	0
3629207	549903	1547	0
3630353	550059	1783	1
3634134	550605	1547	0
3635226	550816	1547	0
3636372	550972	1783	1
3640136	551514	1547	0
3641228	551725	1547	0
3642374	551881	1783	1
3646142	552425	1547	0
3647234	552636	1547	0
3648380	552792	1783	1
3652131	553332	1547	0
3653223	553543	1547	0
3654369	553699	1783	1
3658120	554239	1547	0
3659212	554450	1547	0
3660358	554606	1783	1
3664113	555148	1547	0
3665205	555359	1547	0
3666351	555515	1783	1
3670089	556053	1547	0
3671181	556264	1547	0
3672327	556420	1783	1
3676069	556960	1547	0
3677161	557171	1547	0
3678307	557327	1783	1
3682032	557863	1547	0
3683124	558074	1547	0
3684270	558230	1783	1
3687999	558768	1547	0
3689091	558979	1547	0
3690237	559135	1783	1
3693949	559669	1547	0
3695041	559880	1547	0
3696187	560036	1783	1
3699899	560570	1547	0
3700991	560781	1547	0
3702137	560937	1783	1
3705853	561473	1547	0
3706945	561684	1547	0
3708091	561840	1783	1
3711790	562372	1547	0
3712882	562583	1547	0
3714028	562739	1783	1
3717731	563273	1547	0
3718823	563484	1547	0
3719969	563640	1783	1
3723655	564170	1547	0
3724747	564381	1547	0
3725893	564537	1783	1
3729583	565069	1547	0
3730675	565280	1547	0
3731821	565436	1783	1
3735494	565964	1547	0
3736586	566175	1547	0
3737732	566331	1783	1
3741405	566859	1547	0
3742497	567070	1547	0
3743643	567226	1783	1
3747320	567756	1547	0
3748412	567967	1547	0
3749558	568123	1783	1
3753218	568649	1547	0
3754310	568860	1547	0
3755456	569016	1783	1
3758286	569376	1547	0
3759176	569553	1547	0
3760258	569762	1547	0
3761404	569918	1783	1
3765068	570446	1547	0
3766160	570657	1547	0
3767306	570813	1783	1
3770123	571171	1547	0
3771013	571348	1547	0
3772095	571557	1547	0
3773241	571713	1783	1
3776892	572239	1547	0
3777984	572450	1547	0
3779130	572606	1783	1
3781934	572962	1547	0
3782824	573139	1547	0
3783906	573348	1547	0
3785052	573504	1783	1
3787876	573864	1547	0
3788792	574045	1547	0
3789864	574252	1547	0
3791010	574408	1783	1
3793818	574766	1547	0
3794708	574943	1547	0
3795790	575152	1547	0
3796936	575308	1783	1
3799747	575666	1547	0
3800663	575847	1547	0
3801735	576054	1547	0
3802881	576210	1783	1
3805712	576572	1547	0
3806654	576757	1547	0
3807716	576962	1547	0
3808862	577118	1783	1
3811677	577478	1547	0
3812593	577659	1547	0
3813665	577866	1547	0
3814811	578022	1783	1
3817629	578382	1547	0
3818571	578567	1547	0
3819633	578772	1547	0
3820779	578928	1783	1
3823617	579292	1547	0
3824585	579481	1547	0
3825637	579684	1547	0
3826783	579840	1783	1
3829605	580202	1547	0
3830547	580387	1547	0
3831609	580592	1547	0
3832755	580748	1783	1
3835580	581110	1547	0
3836548	581299	1547	0
3837600	581502	1547	0
3838746	581658	1783	1
3841591	582024	1547	0
3842585	582217	1547	0
3843627	582418	1547	0
3844773	582574	1783	1
3847602	582938	1547	0
3848570	583127	1547	0
3849622	583330	1547	0
3850768	583486	1783	1
3853600	583850	1547	0
3854594	584043	1547	0
3855636	584244	1547	0
3856782	584400	1783	1
3859598	584762	1547	0
3860566	584951	1547	0
3861618	585154	1547	0
3862764	585310	1783	1
3865583	585672	1547	0
3866577	585865	1547	0
3867619	586066	1547	0
3868765	586222	1783	1
3871604	586588	1547	0
3872624	586785	1547	0
3873656	586984	1547	0
3874802	587140	1783	1
3877625	587504	1547	0
3878619	587697	1547	0
3879661	587898	1547	0
3880807	588054	1783	1
3883633	588418	1547	0
3884653	588615	1547	0
3885685	588814	1547	0
3886831	588970	1783	1
3889957	589394	1547	0
3890839	589563	1547	0
3891721	589732	1547	0
3892867	589888	1783	1
3895993	590312	1547	0
3896875	590481	1547	0
3897757	590650	1547	0
3898903	590806	1783	1
3902033	591232	1547	0
3902915	591401	1547	0
3903797	591570	1547	0
3904943	591726	1783	1
3908056	592148	1547	0
3908938	592317	1547	0
3909820	592486	1547	0
3910966	592642	1783	1
3914083	593066	1547	0
3914965	593235	1547	0
3915847	593404	1547	0
3916993	593560	1783	1
3920093	593980	1547	0
3920975	594149	1547	0
3921857	594318	1547	0
3923003	594474	1783	1
3926107	594896	1547	0
3926989	595065	1547	0
3927871	595234	1547	0
3929017	595390	1783	1
3932104	595808	1547	0
3932986	595977	1547	0
3933868	596146	1547	0
3935014	596302	1783	1
3938101	596720	1547	0
3938983	596889	1547	0
3939865	597058	1547	0
3941011	597214	1783	1
3944102	597634	1547	0
3944984	597803	1547	0
3945866	597972	1547	0
3947012	598128	1783	1
3950086	598544	1547	0
3950968	598713	1547	0
3951850	598882	1547	0
3952996	599038	1783	1
3956074	599456	1547	0
3956956	599625	1547	0
3957838	599794	1547	0
3958984	599950	1783	1
3962045	600364	1547	0
3962927	600533	1547	0
3963809	600702	1547	0
3964955	600858	1783	1
3968020	601274	1547	0
3968902	601443	1547	0
3969784	601612	1547	0
3970930	601768	1783	1
3973978	602180	1547	0
3974860	602349	1547	0
3975742	602518	1547	0
3976888	602674	1783	1
3979940	603088	1547	0
3980822	603257	1547	0
3981704	603426	1547	0
3982850	603582	1783	1
3985885	603992	1547	0
3986767	604161	1547	0
3987649	604330	1547	0
3988795	604486	1783	1
3991834	604898	1547	0
3992716	605067	1547	0
3993598	605236	1547	0
3994744	605392	1783	1
3997766	605800	1547	0
3998648	605969	1547	0
3999530	606138	1547	0
4000676	606294	1783	1
4003702	606704	1547	0
4004584	606873	1547	0
4005466	607042	1547	0
4006612	607198	1783	1
4009621	607604	1547	0
4010503	607773	1547	0
4011385	607942	1547	0
4012531	608098	1783	1
4015540	608504	1547	0
4016422	608673	1547	0
4017304	608842	1547	0
4018450	608998	1783	1
4021463	609406	1547	0
4022345	609575	1547	0
4023227	609744	1547	0
4024373	609900	1783	1
4027369	610304	1547	0
4028251	610473	1547	0
4029133	610642	1547	0
4030279	610798	1783	1
4033275	611202	1547	0
4034157	611371	1547	0
4035039	611540	1547	0
4036185	611696	1783	1
4039185	612102	1547	0
4040067	612271	1547	0
4040949	612440	1547	0
4042095	612596	1783	1
4045078	612998	1547	0
4045960	613167	1547	0
4046842	613336	1547	0
4047988	613492	1783	1
4050975	613896	1547	0
4051857	614065	1547	0
4052739	614234	1547	0
4053885	614390	1783	1
4056855	614790	1547	0
4057737	614959	1547	0
4058619	615128	1547	0
4059765	615284	1783	1
4062739	615686	1547	0
4063621	615855	1547	0
4064503	616024	1547	0
4065649	616180	1783	1
4068606	616578	1547	0
4069488	616747	1547	0
4070370	616916	1547	0
4071516	617072	1783	1
4074477	617472	1547	0
4075359	617641	1547	0
4076241	617810	1547	0
4077387	617966	1783	1
4080331	618362	1547	0
4081213	618531	1547	0
4082095	618700	1547	0
4083241	618856	1783	1
4086185	619252	1547	0
4087067	619421	1547	0
4087949	619590	1547	0
4089095	619746	1783	1
4092039	620142	1547	0
4092921	620311	1547	0
4093803	620480	1547	0
4094949	620636	1783	1
4097897	621034	1547	0
4098779	621203	1547	0
4099661	621372	1547	0
4100807	621528	1783	1
4103738	621922	1547	0
4104620	622091	1547	0
4105502	622260	1547	0
4106648	622416	1783	1
4109583	622812	1547	0
4110465	622981	1547	0
4111347	623150	1547	0
4112493	623306	1783	1
4115411	623698	1547	0
4116293	623867	1547	0
4117175	624036	1547	0
4118321	624192	1783	1
4121243	624586	1547	0
4122125	624755	1547	0
4123007	624924	1547	0
4124153	625080	1783	1
4127058	625470	1547	0
4127940	625639	1547	0
4128822	625808	1547	0
4129968	625964	1783	1
4132873	626354	1547	0
4133755	626523	1547	0
4134637	626692	1547	0
4135783	626848	1783	1
4138692	627240	1547	0
4139574	627409	1547	0
4140456	627578	1547	0
4141602	627734	1783	1
4144494	628122	1547	0
4145376	628291	1547	0
4146258	628460	1547	0
4147404	628616	1783	1
4150296	629004	1547	0
4151178	629173	1547	0
4152060	629342	1547	0
4153206	629498	1783	1
4156102	629888	1547	0
4156984	630057	1547	0
4157866	630226	1547	0
4159012	630382	1783	1
4161891	630768	1547	0
4162773	630937	1547	0
4163655	631106	1547	0
4164801	631262	1783	1
4167684	631650	1547	0
4168566	631819	1547	0
4169448	631988	1547	0
4170594	632144	1783	1
4173460	632528	1547	0
4174342	632697	1547	0
4175224	632866	1547	0
4176370	633022	1783	1
4179240	633408	1547	0
4180122	633577	1547	0
4181004	633746	1547	0
4182150	633902	1783	1
4185003	634284	1547	0
4185885	634453	1547	0
4186767	634622	1547	0
4187913	634778	1783	1
4190766	635160	1547	0
4191648	635329	1547	0
4192530	635498	1547	0
4193676	635654	1783	1
4196533	636038	1547	0
4197415	636207	1547	0
4198297	636376	1547	0
4199443	636532	1783	1
4202283	636912	1547	0
4203165	637081	1547	0
4204047	637250	1547	0
4205193	637406	1783	1
4208037	637788	1547	0
4208919	637957	1547	0
4209801	638126	1547	0
4210947	638282	1783	1
4213774	638660	1547	0
4214656	638829	1547	0
4215538	638998	1547	0
4216684	639154	1783	1
4219515	639534	1547	0
4220397	639703	1547	0
4221279	639872	1547	0
4222425	640028	1783	1
4225239	640404	1547	0
4226121	640573	1547	0
4227003	640742	1547	0
4228149	640898	1783	1
4230963	641274	1547	0
4231845	641443	1547	0
4232727	641612	1547	0
4233873	641768	1783	1
4236687	642144	1547	0
4237569	642313	1547	0
4238451	642482	1547	0
4239597	642638	1783	1
4242415	643016	1547	0
4243297	643185	1547	0
4244179	643354	1547	0
4245325	643510	1783	1
4248126	643884	1547	0
4249008	644053	1547	0
4249890	644222	1547	0
4251036	644378	1783	1
4253841	644754	1547	0
4254723	644923	1547	0
4255605	645092	1547	0
4256751	645248	1783	1
4259539	645620	1547	0
4260421	645789	1547	0
4261303	645958	1547	0
4262449	646114	1783	1
4265241	646488	1547	0
4266123	646657	1547	0
4267005	646826	1547	0
4268151	646982	1783	1
4270926	647352	1547	0
4271808	647521	1547	0
4272690	647690	1547	0
4273836	647846	1783	1
4276611	648216	1547	0
4277493	648385	1547	0
4278375	648554	1547	0
4279521	648710	1783	1
4282300	649082	1547	0
4283182	649251	1547	0
4284064	649420	1547	0
4285210	649576	1783	1
4287972	649944	1547	0
4288854	650113	1547	0
4289736	650282	1547	0
4290882	650438	1783	1
4293644	650806	1547	0
4294526	650975	1547	0
4295408	651144	1547	0
4296554	651300	1783	1
4299316	651668	1547	0
4300198	651837	1547	0
4301080	652006	1547	0
4302226	652162	1783	1
4304992	652532	1547	0
4305874	652701	1547	0
4306756	652870	1547	0
4307902	653026	1783	1
4310651	653392	1547	0
4311533	653561	1547	0
4312415	653730	1547	0
4313561	653886	1783	1
4316314	654254	1547	0
4317196	654423	1547	0
4318078	654592	1547	0
4319224	654748	1783	1
4321960	655112	1547	0
4322842	655281	1547	0
4323724	655450	1547	0
4324870	655606	1783	1
4326996	655848	1547	0
4327676	655983	1547	0
4328548	656150	1547	0
4329420	656317	1547	0
4330566	656473	1783	1
4348865	659117	1547	0
4349659	659270	1547	0
4350501	659431	1547	0
4351343	659592	1547	0
4352489	659748	1783	1
4354276	659944	1547	0
4355070	660097	1547	0
4355912	660258	1547	0
4356754	660419	1547	0
4357900	660575	1783	1
4359687	660771	1547	0
4360481	660924	1547	0
4361323	661085	1547	0
4362165	661246	1547	0
4363311	661402	1783	1
4365098	661598	1547	0
4365892	661751	1547	0
4366734	661912	1547	0
4367576	662073	1547	0
4368722	662229	1783	1
4370509	662425	1547	0
4371303	662578	1547	0
4372145	662739	1547	0
4372987	662900	1547	0
4374133	663056	1783	1
4375920	663252	1547	0
4376714	663405	1547	0
4377556	663566	1547	0
4378398	663727	1547	0
4379544	663883	1783	1
4381331	664079	1547	0
4382125	664232	1547	0
4382967	664393	1547	0
4383809	664554	1547	0
4384955	664710	1783	1
4386742	664906	1547	0
4387536	665059	1547	0
4388378	665220	1547	0
4389220	665381	1547	0
4390366	665537	1783	1
4392153	665733	1547	0
4392947	665886	1547	0
4393789	666047	1547	0
4394631	666208	1547	0
4395777	666364	1783	1
4397564	666560	1547	0
4398358	666713	1547	0
4399200	666874	1547	0
4400042	667035	1547	0
4401188	667191	1783	1
4402975	667387	1547	0
4403769	667540	1547	0
4404611	667701	1547	0
4405453	667862	1547	0
4406599	668018	1783	1
4408386	668214	1547	0
4409180	668367	1547	0
4410022	668528	1547	0
4410864	668689	1547	0
4412010	668845	1783	1
4413797	669041	1547	0
4414591	669194	1547	0
4415433	669355	1547	0
4416275	669516	1547	0
4417421	669672	1783	1
4419208	669868	1547	0
4420002	670021	1547	0
4420844	670182	1547	0
4421686	670343	1547	0
4422832	670499	1783	1
4424619	670695	1547	0
4425413	670848	1547	0
4426255	671009	1547	0
4427097	671170	1547	0
4428243	671326	1783	1
4430030	671522	1547	0
4430824	671675	1547	0
4431666	671836	1547	0
4432508	671997	1547	0
4433654	672153	1783	1
4435441	672349	1547	0
4436235	672502	1547	0
4437077	672663	1547	0
4437919	672824	1547	0
4439065	672980	1783	1
4440852	673176	1547	0
4441646	673329	1547	0
4442488	673490	1547	0
4443330	673651	1547	0
4444476	673807	1783	1
4446263	674003	1547	0
4447057	674156	1547	0
4447899	674317	1547	0
4448741	674478	1547	0
4449887	674634	1783	1
4451674	674830	1547	0
4452468	674983	1547	0
4453310	675144	1547	0
4454152	675305	1547	0
4455298	675461	1783	1
4457085	675657	1547	0
4457879	675810	1547	0
4458721	675971	1547	0
4459563	676132	1547	0
4460709	676288	1783	1
4462496	676484	1547	0
4463290	676637	1547	0
4464132	676798	1547	0
4464974	676959	1547	0
4466120	677115	1783	1
4467907	677311	1547	0
4468701	677464	1547	0
4469543	677625	1547	0
4470385	677786	1547	0
4471531	677942	1783	1
4473318	678138	1547	0
4474112	678291	1547	0
4474954	678452	1547	0
4475796	678613	1547	0
4476942	678769	1783	1
4478729	678965	1547	0
4479523	679118	1547	0
4480365	679279	1547	0
4481207	679440	1547	0
4482353	679596	1783	1
4484140	679792	1547	0
4484934	679945	1547	0
4485776	680106	1547	0
4486618	680267	1547	0
4487764	680423	1783	1
4489551	680619	1547	0
4490345	680772	1547	0
4491187	680933	1547	0
4492029	681094	1547	0
4493175	681250	1783	1
4494962	681446	1547	0
4495756	681599	1547	0
4496598	681760	1547	0
4497440	681921	1547	0
4498586	682077	1783	1
4500373	682273	1547	0
4501167	682426	1547	0
4502009	682587	1547	0
4502851	682748	1547	0
4503997	682904	1783	1
4505784	683100	1547	0
4506578	683253	1547	0
4507420	683414	1547	0
4508262	683575	1547	0
4509408	683731	1783	1
4511195	683927	1547	0
4511989	684080	1547	0
4512831	684241	1547	0
4513673	684402	1547	0
4514819	684558	1783	1
4516606	684754	1547	0
4517400	684907	1547	0
4518242	685068	1547	0
4519084	685229	1547	0
4520230	685385	1783	1
4522017	685581	1547	0
4522811	685734	1547	0
4523653	685895	1547	0
4524495	686056	1547	0
4525641	686212	1783	1
4527428	686408	1547	0
4528222	686561	1547	0
4529064	686722	1547	0
4529906	686883	1547	0
4531052	687039	1783	1
4532839	687235	1547	0
4533633	687388	1547	0
4534475	687549	1547	0
4535317	687710	1547	0
4536463	687866	1783	1
4538250	688062	1547	0
4539044	688215	1547	0
4539886	688376	1547	0
4540728	688537	1547	0
4541874	688693	1783	1
4543661	688889	1547	0
4544455	689042	1547	0
4545297	689203	1547	0
4546139	689364	1547	0
4547285	689520	1783	1
4549072	689716	1547	0
4549866	689869	1547	0
4550708	690030	1547	0
4551550	690191	1547	0
4552696	690347	1783	1
4554483	690543	1547	0
4555277	690696	1547	0
4556119	690857	1547	0
4556961	691018	1547	0
4558107	691174	1783	1
4559894	691370	1547	0
4560688	691523	1547	0
4561530	691684	1547	0
4562372	691845	1547	0
4563518	692001	1783	1
4565305	692197	1547	0
4566099	692350	1547	0
4566941	692511	1547	0
4567783	692672	1547	0
4568929	692828	1783	1
4570716	693024	1547	0
4571510	693177	1547	0
4572352	693338	1547	0
4573194	693499	1547	0
4574340	693655	1783	1
4576127	693851	1547	0
4576921	694004	1547	0
4577763	694165	1547	0
4578605	694326	1547	0
4579751	694482	1783	1
4581538	694678	1547	0
4582332	694831	1547	0
4583174	694992	1547	0
4584016	695153	1547	0
4585162	695309	1783	1
4586949	695505	1547	0
4587743	695658	1547	0
4588585	695819	1547	0
4589427	695980	1547	0
4590573	696136	1783	1
4592360	696332	1547	0
4593154	696485	1547	0
4593996	696646	1547	0
4594838	696807	1547	0
4595984	696963	1783	1
4597771	697159	1547	0
4598565	697312	1547	0
4599407	697473	1547	0
4600249	697634	1547	0
4601395	697790	1783	1
4603182	697986	1547	0
4603976	698139	1547	0
4604818	698300	1547	0
4605660	698461	1547	0
4606806	698617	1783	1
4608593	698813	1547	0
4609387	698966	1547	0
4610229	699127	1547	0
4611071	699288	1547	0
4612217	699444	1783	1
4614004	699640	1547	0
4614798	699793	1547	0
4615640	699954	1547	0
4616482	700115	1547	0
4617628	700271	1783	1
4619415	700467	1547	0
4620209	700620	1547	0
4621051	700781	1547	0
4621893	700942	1547	0
4623039	701098	1783	1
4624826	701294	1547	0
4625620	701447	1547	0
4626462	701608	1547	0
4627304	701769	1547	0
4628450	701925	1783	1
4630237	702121	1547	0
4631031	702274	1547	0
4631873	702435	1547	0
4632715	702596	1547	0
4633861	702752	1783	1
4635648	702948	1547	0
4636442	703101	1547	0
4637284	703262	1547	0
4638126	703423	1547	0
4639272	703579	1783	1
4641059	703775	1547	0
4641853	703928	1547	0
4642695	704089	1547	0
4643537	704250	1547	0
4644683	704406	1783	1
4646470	704602	1547	0
4647264	704755	1547	0
4648106	704916	1547	0
4648948	705077	1547	0
4650094	705233	1783	1
4651881	705429	1547	0
4652675	705582	1547	0
4653517	705743	1547	0
4654359	705904	1547	0
4655505	706060	1783	1
4657292	706256	1547	0
4658086	706409	1547	0
4658928	706570	1547	0
4659770	706731	1547	0
4660916	706887	1783	1
4662703	707083	1547	0
4663497	707236	1547	0
4664339	707397	1547	0
4665181	707558	1547	0
4666327	707714	1783	1
4668114	707910	1547	0
4668908	708063	1547	0
4669750	708224	1547	0
4670592	708385	1547	0
4671738	708541	1783	1
4673525	708737	1547	0
4674319	708890	1547	0
4675161	709051	1547	0
4676003	709212	1547	0
4677149	709368	1783	1
4678936	709564	1547	0
4679730	709717	1547	0
4680572	709878	1547	0
4681414	710039	1547	0
4682560	710195	1783	1
4684347	710391	1547	0
4685141	710544	1547	0
4685983	710705	1547	0
4686825	710866	1547	0
4687971	711022	1783	1
4689758	711218	1547	0
4690552	711371	1547	0
4691394	711532	1547	0
4692236	711693	1547	0
4693382	711849	1783	1
4695169	712045	1547	0
4695963	712198	1547	0
4696805	712359	1547	0
4697647	712520	1547	0
4698793	712676	1783	1
4700580	712872	1547	0
4701374	713025	1547	0
4702216	713186	1547	0
4703058	713347	1547	0
4704204	713503	1783	1
4705991	713699	1547	0
4706785	713852	1547	0
4707627	714013	1547	0
4708469	714174	1547	0
4709615	714330	1783	1
4711402	714526	1547	0
4712196	714679	1547	0
4713038	714840	1547	0
4713880	715001	1547	0
4715026	715157	1783	1
4716813	715353	1547	0
4717607	715506	1547	0
4718449	715667	1547	0
4719291	715828	1547	0
4720437	715984	1783	1
6155183	928378	1547	0
6158272	929043	1547	0
6163788	929965	1547	0
6184193	932989	1547	0
6187282	933654	1547	0
6451739	967341	1547	0
6454828	968006	1547	0
6474922	970986	1547	0
6479070	971691	1547	0
6485303	972774	1547	0
6491622	973865	1547	0
6507881	976551	1547	0
6510970	977216	1547	0
6777370	1011164	1547	0
6780506	1011838	1547	0
6802466	1015104	1547	0
6805602	1015778	1547	0
8218038	1227097	1547	0
8218794	1227244	1547	0
8219646	1227407	1547	0
8220498	1227570	1547	0
8221650	1227729	1898	2
8223407	1227918	1547	0
8224163	1228065	1547	0
8225015	1228228	1547	0
8225867	1228391	1547	0
8227019	1228550	1898	2
8228776	1228739	1547	0
8229532	1228886	1547	0
8230384	1229049	1547	0
8231236	1229212	1547	0
8232388	1229371	1898	2
8234145	1229560	1547	0
8234901	1229707	1547	0
8235753	1229870	1547	0
8236605	1230033	1547	0
8237757	1230192	1898	2
8239514	1230381	1547	0
8240270	1230528	1547	0
8241122	1230691	1547	0
8241974	1230854	1547	0
8243126	1231013	1898	2
8244883	1231202	1547	0
8245639	1231349	1547	0
8246491	1231512	1547	0
8247343	1231675	1547	0
8248495	1231834	1898	2
8250252	1232023	1547	0
8251008	1232170	1547	0
8251860	1232333	1547	0
8252712	1232496	1547	0
8253864	1232655	1898	2
8255621	1232844	1547	0
8256377	1232991	1547	0
8257229	1233154	1547	0
8258081	1233317	1547	0
8259233	1233476	1898	2
8260990	1233665	1547	0
8261746	1233812	1547	0
8262598	1233975	1547	0
8263450	1234138	1547	0
8264602	1234297	1898	2
8266359	1234486	1547	0
8267115	1234633	1547	0
8267967	1234796	1547	0
8268819	1234959	1547	0
8269971	1235118	1898	2
8271728	1235307	1547	0
8272484	1235454	1547	0
8273336	1235617	1547	0
8274188	1235780	1547	0
8275340	1235939	1898	2
8277097	1236128	1547	0
8277853	1236275	1547	0
8278705	1236438	1547	0
8279557	1236601	1547	0
8280709	1236760	1898	2
8282466	1236949	1547	0
8283222	1237096	1547	0
8284074	1237259	1547	0
8284926	1237422	1547	0
8286078	1237581	1898	2
8287835	1237770	1547	0
8288591	1237917	1547	0
8289443	1238080	1547	0
8290295	1238243	1547	0
8291447	1238402	1898	2
8293204	1238591	1547	0
8293960	1238738	1547	0
8294812	1238901	1547	0
8295664	1239064	1547	0
8296816	1239223	1898	2
8298573	1239412	1547	0
8299329	1239559	1547	0
8300181	1239722	1547	0
8301033	1239885	1547	0
8302185	1240044	1898	2
8303942	1240233	1547	0
8304698	1240380	1547	0
8305550	1240543	1547	0
8306402	1240706	1547	0
8307554	1240865	1898	2
8309311	1241054	1547	0
8310067	1241201	1547	0
8310919	1241364	1547	0
8311771	1241527	1547	0
8312923	1241686	1898	2
8314680	1241875	1547	0
8315436	1242022	1547	0
8316288	1242185	1547	0
8317140	1242348	1547	0
8318292	1242507	1898	2
8320049	1242696	1547	0
8320805	1242843	1547	0
8321657	1243006	1547	0
8322509	1243169	1547	0
8323661	1243328	1898	2
8325418	1243517	1547	0
8326174	1243664	1547	0
8327026	1243827	1547	0
8327878	1243990	1547	0
8329030	1244149	1898	2
8330787	1244338	1547	0
8331543	1244485	1547	0
8332395	1244648	1547	0
8333247	1244811	1547	0
8334399	1244970	1898	2
8336156	1245159	1547	0
8336912	1245306	1547	0
8337764	1245469	1547	0
8338616	1245632	1547	0
8339768	1245791	1898	2
8341525	1245980	1547	0
8342281	1246127	1547	0
8343133	1246290	1547	0
8343985	1246453	1547	0
8345137	1246612	1898	2
8346894	1246801	1547	0
8347650	1246948	1547	0
8348502	1247111	1547	0
8349354	1247274	1547	0
8350506	1247433	1898	2
8352263	1247622	1547	0
8353019	1247769	1547	0
8353871	1247932	1547	0
8354723	1248095	1547	0
8355875	1248254	1898	2
8357632	1248443	1547	0
8358388	1248590	1547	0
8359240	1248753	1547	0
8360092	1248916	1547	0
8361244	1249075	1898	2
8363001	1249264	1547	0
8363757	1249411	1547	0
8364609	1249574	1547	0
8365461	1249737	1547	0
8366613	1249896	1898	2
8368370	1250085	1547	0
8369126	1250232	1547	0
8369978	1250395	1547	0
8370830	1250558	1547	0
8371982	1250717	1898	2
8373739	1250906	1547	0
8374495	1251053	1547	0
8375347	1251216	1547	0
8376199	1251379	1547	0
8377351	1251538	1898	2
8379108	1251727	1547	0
8379864	1251874	1547	0
8380716	1252037	1547	0
8381568	1252200	1547	0
8382720	1252359	1898	2
8384477	1252548	1547	0
8385233	1252695	1547	0
8386085	1252858	1547	0
8386937	1253021	1547	0
8388089	1253180	1898	2
8389846	1253369	1547	0
8390602	1253516	1547	0
8391454	1253679	1547	0
8392306	1253842	1547	0
8393458	1254001	1898	2
8395215	1254190	1547	0
8395971	1254337	1547	0
8396823	1254500	1547	0
8397675	1254663	1547	0
8398827	1254822	1898	2
8400584	1255011	1547	0
8401340	1255158	1547	0
8402192	1255321	1547	0
8403044	1255484	1547	0
8404196	1255643	1898	2
8405953	1255832	1547	0
8406709	1255979	1547	0
8407561	1256142	1547	0
8408413	1256305	1547	0
8409565	1256464	1898	2
8411322	1256653	1547	0
8412078	1256800	1547	0
8412930	1256963	1547	0
8413782	1257126	1547	0
8414934	1257285	1898	2
8416691	1257474	1547	0
8417447	1257621	1547	0
8418299	1257784	1547	0
8419151	1257947	1547	0
8420303	1258106	1898	2
8422060	1258295	1547	0
8422816	1258442	1547	0
8423668	1258605	1547	0
8424520	1258768	1547	0
8425672	1258927	1898	2
8427429	1259116	1547	0
8428185	1259263	1547	0
8429037	1259426	1547	0
8429889	1259589	1547	0
8431041	1259748	1898	2
8432798	1259937	1547	0
8433554	1260084	1547	0
8434406	1260247	1547	0
8435258	1260410	1547	0
8436410	1260569	1898	2
8438167	1260758	1547	0
8438923	1260905	1547	0
8439775	1261068	1547	0
8440627	1261231	1547	0
8441779	1261390	1898	2
8443536	1261579	1547	0
8444292	1261726	1547	0
8445144	1261889	1547	0
8445996	1262052	1547	0
8447148	1262211	1898	2
8448905	1262400	1547	0
8449661	1262547	1547	0
8450513	1262710	1547	0
8451365	1262873	1547	0
8452517	1263032	1898	2
8454274	1263221	1547	0
8455030	1263368	1547	0
8455882	1263531	1547	0
8456734	1263694	1547	0
8457886	1263853	1898	2
8459643	1264042	1547	0
8460399	1264189	1547	0
8461251	1264352	1547	0
8462103	1264515	1547	0
8463255	1264674	1898	2
8465012	1264863	1547	0
8465768	1265010	1547	0
8466620	1265173	1547	0
8467472	1265336	1547	0
8468624	1265495	1898	2
8470381	1265684	1547	0
8471137	1265831	1547	0
8471989	1265994	1547	0
8472841	1266157	1547	0
8473993	1266316	1898	2
8475750	1266505	1547	0
8476506	1266652	1547	0
8477358	1266815	1547	0
8478210	1266978	1547	0
8479362	1267137	1898	2
8481119	1267326	1547	0
8481875	1267473	1547	0
8482727	1267636	1547	0
8483579	1267799	1547	0
8484731	1267958	1898	2
8486488	1268147	1547	0
8487244	1268294	1547	0
8488096	1268457	1547	0
8488948	1268620	1547	0
8490100	1268779	1898	2
8491857	1268968	1547	0
8492613	1269115	1547	0
8493465	1269278	1547	0
8494317	1269441	1547	0
8495469	1269600	1898	2
8497226	1269789	1547	0
8497982	1269936	1547	0
8498834	1270099	1547	0
8499686	1270262	1547	0
8500838	1270421	1898	2
8502595	1270610	1547	0
8503351	1270757	1547	0
8504203	1270920	1547	0
8505055	1271083	1547	0
8506207	1271242	1898	2
8507964	1271431	1547	0
8508720	1271578	1547	0
8509572	1271741	1547	0
8510424	1271904	1547	0
8511576	1272063	1898	2
8513333	1272252	1547	0
8514089	1272399	1547	0
8514941	1272562	1547	0
8515793	1272725	1547	0
8516945	1272884	1898	2
8518702	1273073	1547	0
8519458	1273220	1547	0
8520310	1273383	1547	0
8521162	1273546	1547	0
8522314	1273705	1898	2
8524071	1273894	1547	0
8524827	1274041	1547	0
8525679	1274204	1547	0
8526531	1274367	1547	0
8527683	1274526	1898	2
8529440	1274715	1547	0
8530196	1274862	1547	0
8531048	1275025	1547	0
8531900	1275188	1547	0
8533052	1275347	1898	2
8534809	1275536	1547	0
8535565	1275683	1547	0
8536417	1275846	1547	0
8537269	1276009	1547	0
8538421	1276168	1898	2
8540178	1276357	1547	0
8540934	1276504	1547	0
8541786	1276667	1547	0
8542638	1276830	1547	0
8543790	1276989	1898	2
8545547	1277178	1547	0
8546303	1277325	1547	0
8547155	1277488	1547	0
8548007	1277651	1547	0
8549159	1277810	1898	2
8550916	1277999	1547	0
8551672	1278146	1547	0
8552524	1278309	1547	0
8553376	1278472	1547	0
8554528	1278631	1898	2
8556285	1278820	1547	0
8557041	1278967	1547	0
8557893	1279130	1547	0
8558745	1279293	1547	0
8559897	1279452	1898	2
8561654	1279641	1547	0
8562410	1279788	1547	0
8563262	1279951	1547	0
8564114	1280114	1547	0
8565266	1280273	1898	2
8567023	1280462	1547	0
8567779	1280609	1547	0
8568631	1280772	1547	0
8569483	1280935	1547	0
8570635	1281094	1898	2
8572392	1281283	1547	0
8573148	1281430	1547	0
8574000	1281593	1547	0
8574852	1281756	1547	0
8576004	1281915	1898	2
8594062	1284523	1547	0
8594780	1284664	1547	0
8595642	1284829	1547	0
8596504	1284994	1547	0
8597656	1285153	1898	2
8599783	1285395	1547	0
8600463	1285530	1547	0
8601335	1285697	1547	0
8602207	1285864	1547	0
8603359	1286023	1898	2
8606096	1286387	1547	0
8606978	1286556	1547	0
8607860	1286725	1547	0
8609012	1286884	1898	2
8611154	1287128	1547	0
8611834	1287263	1547	0
8612706	1287430	1547	0
8613578	1287597	1547	0
8614730	1287756	1898	2
8617480	1288122	1547	0
8618362	1288291	1547	0
8619244	1288460	1547	0
8620396	1288619	1898	2
8622551	1288865	1547	0
8623231	1289000	1547	0
8624103	1289167	1547	0
8624975	1289334	1547	0
8626127	1289493	1898	2
8628890	1289861	1547	0
8629772	1290030	1547	0
8630654	1290199	1547	0
8631806	1290358	1898	2
8634569	1290726	1547	0
8635451	1290895	1547	0
8636333	1291064	1547	0
8637485	1291223	1898	2
8640248	1291591	1547	0
8641130	1291760	1547	0
8642012	1291929	1547	0
8643164	1292088	1898	2
8645942	1292458	1547	0
8646824	1292627	1547	0
8647706	1292796	1547	0
8648858	1292955	1898	2
8651634	1293325	1547	0
8652516	1293494	1547	0
8653398	1293663	1547	0
8654550	1293822	1898	2
8657326	1294192	1547	0
8658208	1294361	1547	0
8659090	1294530	1547	0
8660242	1294689	1898	2
8663033	1295061	1547	0
8663915	1295230	1547	0
8664797	1295399	1547	0
8665949	1295558	1898	2
8668738	1295930	1547	0
8669620	1296099	1547	0
8670502	1296268	1547	0
8671654	1296427	1898	2
8674458	1296801	1547	0
8675340	1296970	1547	0
8676222	1297139	1547	0
8677374	1297298	1898	2
8680176	1297672	1547	0
8681058	1297841	1547	0
8681940	1298010	1547	0
8683092	1298169	1898	2
8685909	1298545	1547	0
8686791	1298714	1547	0
8687673	1298883	1547	0
8688825	1299042	1898	2
8691640	1299418	1547	0
8692522	1299587	1547	0
8693404	1299756	1547	0
8694556	1299915	1898	2
8697371	1300291	1547	0
8698253	1300460	1547	0
8699135	1300629	1547	0
8700287	1300788	1898	2
8703102	1301164	1547	0
8703984	1301333	1547	0
8704866	1301502	1547	0
8706018	1301661	1898	2
8708848	1302039	1547	0
8709730	1302208	1547	0
8710612	1302377	1547	0
8711764	1302536	1898	2
8714592	1302914	1547	0
8715474	1303083	1547	0
8716356	1303252	1547	0
8717508	1303411	1898	2
8720351	1303791	1547	0
8721233	1303960	1547	0
8722115	1304129	1547	0
8723267	1304288	1898	2
8726108	1304668	1547	0
8726990	1304837	1547	0
8727872	1305006	1547	0
8729024	1305165	1898	2
8731880	1305547	1547	0
8732762	1305716	1547	0
8733644	1305885	1547	0
8734796	1306044	1898	2
8737650	1306426	1547	0
8738532	1306595	1547	0
8739414	1306764	1547	0
8740566	1306923	1898	2
8743420	1307305	1547	0
8744302	1307474	1547	0
8745184	1307643	1547	0
8746336	1307802	1898	2
8749205	1308186	1547	0
8750087	1308355	1547	0
8750969	1308524	1547	0
8752121	1308683	1898	2
8754988	1309067	1547	0
8755870	1309236	1547	0
8756752	1309405	1547	0
8757904	1309564	1898	2
8760786	1309950	1547	0
8761668	1310119	1547	0
8762550	1310288	1547	0
8763702	1310447	1898	2
8766582	1310833	1547	0
8767464	1311002	1547	0
8768346	1311171	1547	0
8769498	1311330	1898	2
8772393	1311718	1547	0
8773275	1311887	1547	0
8774157	1312056	1547	0
8775309	1312215	1898	2
8778202	1312603	1547	0
8779084	1312772	1547	0
8779966	1312941	1547	0
8781118	1313100	1898	2
8784011	1313488	1547	0
8784893	1313657	1547	0
8785775	1313826	1547	0
8786927	1313985	1898	2
8789835	1314375	1547	0
8790717	1314544	1547	0
8791599	1314713	1547	0
8792751	1314872	1898	2
8795657	1315262	1547	0
8796539	1315431	1547	0
8797421	1315600	1547	0
8798573	1315759	1898	2
8801479	1316149	1547	0
8802361	1316318	1547	0
8803243	1316487	1547	0
8804395	1316646	1898	2
8807316	1317038	1547	0
8808198	1317207	1547	0
8809080	1317376	1547	0
8810232	1317535	1898	2
8813151	1317927	1547	0
8814033	1318096	1547	0
8814915	1318265	1547	0
8816067	1318424	1898	2
8819001	1318818	1547	0
8819883	1318987	1547	0
8820765	1319156	1547	0
8821917	1319315	1898	2
8824849	1319709	1547	0
8825731	1319878	1547	0
8826613	1320047	1547	0
8827765	1320206	1898	2
8830712	1320602	1547	0
8831594	1320771	1547	0
8832476	1320940	1547	0
8833628	1321099	1898	2
8836573	1321495	1547	0
8837455	1321664	1547	0
8838337	1321833	1547	0
8839489	1321992	1898	2
8842434	1322388	1547	0
8843316	1322557	1547	0
8844198	1322726	1547	0
8845350	1322885	1898	2
8848295	1323281	1547	0
8849177	1323450	1547	0
8850059	1323619	1547	0
8851211	1323778	1898	2
8854171	1324176	1547	0
8855053	1324345	1547	0
8855935	1324514	1547	0
8857087	1324673	1898	2
8860045	1325071	1547	0
8860927	1325240	1547	0
8861809	1325409	1547	0
8862961	1325568	1898	2
8865934	1325968	1547	0
8866816	1326137	1547	0
8867698	1326306	1547	0
8868850	1326465	1898	2
8871821	1326865	1547	0
8872703	1327034	1547	0
8873585	1327203	1547	0
8874737	1327362	1898	2
8877723	1327764	1547	0
8878605	1327933	1547	0
8879487	1328102	1547	0
8880639	1328261	1898	2
8883623	1328663	1547	0
8884505	1328832	1547	0
8885387	1329001	1547	0
8886539	1329160	1898	2
8889538	1329564	1547	0
8890420	1329733	1547	0
8891302	1329902	1547	0
8892454	1330061	1898	2
8895451	1330465	1547	0
8896333	1330634	1547	0
8897215	1330803	1547	0
8898367	1330962	1898	2
8901364	1331366	1547	0
8902246	1331535	1547	0
8903128	1331704	1547	0
8904280	1331863	1898	2
8907292	1332269	1547	0
8908174	1332438	1547	0
8909056	1332607	1547	0
8910208	1332766	1898	2
8913218	1333172	1547	0
8914100	1333341	1547	0
8914982	1333510	1547	0
8916134	1333669	1898	2
8919144	1334075	1547	0
8920026	1334244	1547	0
8920908	1334413	1547	0
8922060	1334572	1898	2
8925085	1334980	1547	0
8925967	1335149	1547	0
8926849	1335318	1547	0
8928001	1335477	1898	2
8931024	1335885	1547	0
8931906	1336054	1547	0
8932788	1336223	1547	0
8933940	1336382	1898	2
8936978	1336792	1547	0
8937860	1336961	1547	0
8938742	1337130	1547	0
8939894	1337289	1898	2
8942930	1337699	1547	0
8943812	1337868	1547	0
8944694	1338037	1547	0
8945846	1338196	1898	2
8948897	1338608	1547	0
8949779	1338777	1547	0
8950661	1338946	1547	0
8951813	1339105	1898	2
8954862	1339517	1547	0
8955744	1339686	1547	0
8956626	1339855	1547	0
8957778	1340014	1898	2
8960842	1340428	1547	0
8961724	1340597	1547	0
8962606	1340766	1547	0
8963758	1340925	1898	2
8966820	1341339	1547	0
8967702	1341508	1547	0
8968584	1341677	1547	0
8969736	1341836	1898	2
8972813	1342252	1547	0
8973695	1342421	1547	0
8974577	1342590	1547	0
8975729	1342749	1898	2
8978804	1343165	1547	0
8979686	1343334	1547	0
8980568	1343503	1547	0
8981720	1343662	1898	2
8984810	1344080	1547	0
8985692	1344249	1547	0
8986574	1344418	1547	0
8987726	1344577	1898	2
8990814	1344995	1547	0
8991696	1345164	1547	0
8992578	1345333	1547	0
8993730	1345492	1898	2
8996818	1345910	1547	0
8997700	1346079	1547	0
8998582	1346248	1547	0
8999734	1346407	1898	2
9002837	1346827	1547	0
9003719	1346996	1547	0
9004601	1347165	1547	0
9005753	1347324	1898	2
9008854	1347744	1547	0
9009736	1347913	1547	0
9010618	1348082	1547	0
9011770	1348241	1898	2
9014886	1348663	1547	0
9015768	1348832	1547	0
9016650	1349001	1547	0
9017802	1349160	1898	2
9020916	1349582	1547	0
9021798	1349751	1547	0
9022680	1349920	1547	0
9023832	1350079	1898	2
9026961	1350503	1547	0
9027843	1350672	1547	0
9028725	1350841	1547	0
9029877	1351000	1898	2
9033004	1351424	1547	0
9033886	1351593	1547	0
9034768	1351762	1547	0
9035920	1351921	1898	2
9039047	1352345	1547	0
9039929	1352514	1547	0
9040811	1352683	1547	0
9041963	1352842	1898	2
9044790	1353206	1547	0
9045810	1353403	1547	0
9046842	1353602	1547	0
9047994	1353761	1898	2
9051136	1354187	1547	0
9052018	1354356	1547	0
9052900	1354525	1547	0
9054052	1354684	1898	2
9056892	1355050	1547	0
9057912	1355247	1547	0
9058944	1355446	1547	0
9060096	1355605	1898	2
9062916	1355967	1547	0
9063910	1356160	1547	0
9064952	1356361	1547	0
9066104	1356520	1898	2
9068959	1356888	1547	0
9069979	1357085	1547	0
9071011	1357284	1547	0
9072163	1357443	1898	2
9074996	1357807	1547	0
9075990	1358000	1547	0
9077032	1358201	1547	0
9078184	1358360	1898	2
9081052	1358730	1547	0
9082072	1358927	1547	0
9083104	1359126	1547	0
9084256	1359285	1898	2
9087102	1359651	1547	0
9088096	1359844	1547	0
9089138	1360045	1547	0
9090290	1360204	1898	2
9093116	1360566	1547	0
9094084	1360755	1547	0
9095136	1360958	1547	0
9096288	1361117	1898	2
9099149	1361485	1547	0
9100143	1361678	1547	0
9101185	1361879	1547	0
9102337	1362038	1898	2
9105176	1362402	1547	0
9106144	1362591	1547	0
9107196	1362794	1547	0
9108348	1362953	1898	2
9111167	1363313	1547	0
9112109	1363498	1547	0
9113171	1363703	1547	0
9114323	1363862	1898	2
9117177	1364228	1547	0
9118145	1364417	1547	0
9119197	1364620	1547	0
9120349	1364779	1898	2
9123181	1365141	1547	0
9124123	1365326	1547	0
9125185	1365531	1547	0
9126337	1365690	1898	2
9129149	1366048	1547	0
9130065	1366229	1547	0
9131137	1366436	1547	0
9132289	1366595	1898	2
9135136	1366959	1547	0
9136078	1367144	1547	0
9137140	1367349	1547	0
9138292	1367508	1898	2
9141117	1367868	1547	0
9142033	1368049	1547	0
9143105	1368256	1547	0
9144257	1368415	1898	2
9147062	1368771	1547	0
9147952	1368948	1547	0
9149034	1369157	1547	0
9150186	1369316	1898	2
9153026	1369678	1547	0
9153942	1369859	1547	0
9155014	1370066	1547	0
9156166	1370225	1898	2
9158984	1370583	1547	0
9159874	1370760	1547	0
9160956	1370969	1547	0
9162108	1371128	1898	2
9164961	1371492	1547	0
9165877	1371673	1547	0
9166949	1371880	1547	0
9168101	1372039	1898	2
9170932	1372399	1547	0
9171822	1372576	1547	0
9172904	1372785	1547	0
9174056	1372944	1898	2
9177717	1373470	1547	0
9178809	1373681	1547	0
9179961	1373840	1898	2
9182807	1374202	1547	0
9183697	1374379	1547	0
9184779	1374588	1547	0
9185931	1374747	1898	2
9189605	1375275	1547	0
9190697	1375486	1547	0
9191849	1375645	1898	2
9195523	1376173	1547	0
9196615	1376384	1547	0
9197767	1376543	1898	2
9201456	1377073	1547	0
9202548	1377284	1547	0
9203700	1377443	1898	2
9207387	1377973	1547	0
9208479	1378184	1547	0
9209631	1378343	1898	2
9213333	1378875	1547	0
9214425	1379086	1547	0
9215577	1379245	1898	2
9219277	1379777	1547	0
9220369	1379988	1547	0
9221521	1380147	1898	2
9225236	1380681	1547	0
9226328	1380892	1547	0
9227480	1381051	1898	2
9231193	1381585	1547	0
9232285	1381796	1547	0
9233437	1381955	1898	2
9237150	1382489	1547	0
9238242	1382700	1547	0
9239394	1382859	1898	2
9243122	1383395	1547	0
9244214	1383606	1547	0
9245366	1383765	1898	2
9249092	1384301	1547	0
9250184	1384512	1547	0
9251336	1384671	1898	2
9255077	1385209	1547	0
9256169	1385420	1547	0
9257321	1385579	1898	2
9261060	1386117	1547	0
9262152	1386328	1547	0
9263304	1386487	1898	2
9267058	1387027	1547	0
9268150	1387238	1547	0
9269302	1387397	1898	2
9273054	1387937	1547	0
9274146	1388148	1547	0
9275298	1388307	1898	2
9279050	1388847	1547	0
9280142	1389058	1547	0
9281294	1389217	1898	2
9285061	1389759	1547	0
9286153	1389970	1547	0
9287305	1390129	1898	2
9291070	1390671	1547	0
9292162	1390882	1547	0
9293314	1391041	1898	2
9297094	1391585	1547	0
9298186	1391796	1547	0
9299338	1391955	1898	2
9303116	1392499	1547	0
9304208	1392710	1547	0
9305360	1392869	1898	2
9309153	1393415	1547	0
9310245	1393626	1547	0
9311397	1393785	1898	2
9315188	1394331	1547	0
9316280	1394542	1547	0
9317432	1394701	1898	2
9321238	1395249	1547	0
9322330	1395460	1547	0
9323482	1395619	1898	2
9327286	1396167	1547	0
9328378	1396378	1547	0
9329530	1396537	1898	2
9333334	1397085	1547	0
9334426	1397296	1547	0
9335578	1397455	1898	2
9339382	1398003	1547	0
9340474	1398214	1547	0
9341626	1398373	1898	2
9345445	1398923	1547	0
9346537	1399134	1547	0
9347689	1399293	1898	2
9351521	1399845	1547	0
9352613	1400056	1547	0
9353765	1400215	1898	2
9357595	1400767	1547	0
9358687	1400978	1547	0
9359839	1401137	1898	2
9363684	1401691	1547	0
9364776	1401902	1547	0
9365928	1402061	1898	2
9369771	1402615	1547	0
9370863	1402826	1547	0
9372015	1402985	1898	2
9375858	1403539	1547	0
9376950	1403750	1547	0
9378102	1403909	1898	2
9381945	1404463	1547	0
9383037	1404674	1547	0
9384189	1404833	1898	2
9388047	1405389	1547	0
9389139	1405600	1547	0
9390291	1405759	1898	2
9394147	1406315	1547	0
9395239	1406526	1547	0
9396391	1406685	1898	2
9400262	1407243	1547	0
9401354	1407454	1547	0
9402506	1407613	1898	2
9406375	1408171	1547	0
9407467	1408382	1547	0
9408619	1408541	1898	2
9412503	1409101	1547	0
9413595	1409312	1547	0
9414747	1409471	1898	2
9418629	1410031	1547	0
9419721	1410242	1547	0
9420873	1410401	1898	2
9424755	1410961	1547	0
9425847	1411172	1547	0
9426999	1411331	1898	2
9430896	1411893	1547	0
9431988	1412104	1547	0
9433140	1412263	1898	2
9437035	1412825	1547	0
9438127	1413036	1547	0
9439279	1413195	1898	2
9443174	1413757	1547	0
9444266	1413968	1547	0
9445418	1414127	1898	2
9449313	1414689	1547	0
9450405	1414900	1547	0
9451557	1415059	1898	2
9455467	1415623	1547	0
9456559	1415834	1547	0
9457711	1415993	1898	2
9461619	1416557	1547	0
9462711	1416768	1547	0
9463863	1416927	1898	2
9467786	1417493	1547	0
9468878	1417704	1547	0
9470030	1417863	1898	2
9473951	1418429	1547	0
9475043	1418640	1547	0
9476195	1418799	1898	2
9480116	1419365	1547	0
9481208	1419576	1547	0
9482360	1419735	1898	2
9486296	1420303	1547	0
9487388	1420514	1547	0
9488540	1420673	1898	2
9492474	1421241	1547	0
9493566	1421452	1547	0
9494718	1421611	1898	2
9498667	1422181	1547	0
9499759	1422392	1547	0
9500911	1422551	1898	2
9504858	1423121	1547	0
9505950	1423332	1547	0
9507102	1423491	1898	2
9511049	1424061	1547	0
9512141	1424272	1547	0
9513293	1424431	1898	2
9517255	1425003	1547	0
9518347	1425214	1547	0
9519499	1425373	1898	2
9523459	1425945	1547	0
9524551	1426156	1547	0
9525703	1426315	1898	2
9529663	1426887	1547	0
9530755	1427098	1547	0
9531907	1427257	1898	2
9535882	1427831	1547	0
9536974	1428042	1547	0
9538126	1428201	1898	2
9542099	1428775	1547	0
9543191	1428986	1547	0
9544343	1429145	1898	2
9548316	1429719	1547	0
9549408	1429930	1547	0
9550560	1430089	1898	2
9554548	1430665	1547	0
9555640	1430876	1547	0
9556792	1431035	1898	2
9560778	1431611	1547	0
9561870	1431822	1547	0
9563022	1431981	1898	2
9567023	1432559	1547	0
9568115	1432770	1547	0
9569267	1432929	1898	2
9573266	1433507	1547	0
9574358	1433718	1547	0
9575510	1433877	1898	2
9579524	1434457	1547	0
9580616	1434668	1547	0
9581768	1434827	1898	2
9585833	1435416	1547	0
9586925	1435627	1547	0
9588077	1435786	1898	2
9592140	1436375	1547	0
9593232	1436586	1547	0
9594384	1436745	1898	2
9598409	1437327	1547	0
9599501	1437538	1547	0
9600653	1437697	1898	2
9604678	1438279	1547	0
9605770	1438490	1547	0
9606922	1438649	1898	2
9611000	1439240	1547	0
9612092	1439451	1547	0
9613244	1439610	1898	2
9617282	1440194	1547	0
9618374	1440405	1547	0
9619526	1440564	1898	2
9623617	1441157	1547	0
9624709	1441368	1547	0
9625861	1441527	1898	2
9629950	1442120	1547	0
9631042	1442331	1547	0
9632194	1442490	1898	2
9636310	1443087	1547	0
9637402	1443298	1547	0
9638554	1443457	1898	2
9642656	1444052	1547	0
9643748	1444263	1547	0
9644900	1444422	1898	2
9649041	1445023	1547	0
9650133	1445234	1547	0
9651285	1445393	1898	2
9655412	1445992	1547	0
9656504	1446203	1547	0
9657656	1446362	1898	2
9661822	1446967	1547	0
9662914	1447178	1547	0
9664066	1447337	1898	2
9668218	1447940	1547	0
9669310	1448151	1547	0
9670462	1448310	1898	2
9674602	1448911	1547	0
9675694	1449122	1547	0
9676846	1449281	1898	2
9680974	1449880	1547	0
9682066	1450091	1547	0
9683218	1450250	1898	2
9687346	1450849	1547	0
9688438	1451060	1547	0
9689590	1451219	1898	2
9693745	1451822	1547	0
9694837	1452033	1547	0
9695989	1452192	1898	2
9700130	1452793	1547	0
9701222	1453004	1547	0
9702374	1453163	1898	2
9706554	1453770	1547	0
9707646	1453981	1547	0
9708798	1454140	1898	2
9712964	1454745	1547	0
9714056	1454956	1547	0
9715208	1455115	1898	2
9719413	1455726	1547	0
9720505	1455937	1547	0
9721657	1456096	1898	2
9725848	1456705	1547	0
9726940	1456916	1547	0
9728092	1457075	1898	2
9732322	1457690	1547	0
9733414	1457901	1547	0
9734566	1458060	1898	2
9738782	1458673	1547	0
9739874	1458884	1547	0
9741026	1459043	1898	2
9745281	1459662	1547	0
9746373	1459873	1547	0
9747525	1460032	1898	2
9751766	1460649	1547	0
9752858	1460860	1547	0
9754010	1461019	1898	2
9758290	1461642	1547	0
9759382	1461853	1547	0
9760534	1462012	1898	2
9764800	1462633	1547	0
9765892	1462844	1547	0
9767044	1463003	1898	2
9771298	1463622	1547	0
9772390	1463833	1547	0
9773542	1463992	1898	2
9777784	1464609	1547	0
9778876	1464820	1547	0
9780028	1464979	1898	2
9784258	1465594	1547	0
9785350	1465805	1547	0
9786502	1465964	1898	2
9790771	1466585	1547	0
9791863	1466796	1547	0
9793015	1466955	1898	2
9797270	1467574	1547	0
9798362	1467785	1547	0
9799514	1467944	1898	2
9803808	1468569	1547	0
9804900	1468780	1547	0
9806052	1468939	1898	2
9810332	1469562	1547	0
9811424	1469773	1547	0
9812576	1469932	1898	2
9816895	1470561	1547	0
9817987	1470772	1547	0
9819139	1470931	1898	2
9823444	1471558	1547	0
9824536	1471769	1547	0
9825688	1471928	1898	2
9829981	1472553	1547	0
9831073	1472764	1547	0
9832225	1472923	1898	2
9836506	1473546	1547	0
9837598	1473757	1547	0
9838750	1473916	1898	2
9843070	1474545	1547	0
9844162	1474756	1547	0
9845314	1474915	1898	2
9849620	1475542	1547	0
9850712	1475753	1547	0
9851864	1475912	1898	2
9856158	1476537	1547	0
9857250	1476748	1547	0
9858402	1476907	1898	2
9862735	1477538	1547	0
9863827	1477749	1547	0
9864979	1477908	1898	2
9869298	1478537	1547	0
9870390	1478748	1547	0
9871542	1478907	1898	2
9875900	1479542	1547	0
9876992	1479753	1547	0
9878144	1479912	1898	2
9882488	1480545	1547	0
9883580	1480756	1547	0
9884732	1480915	1898	2
9889064	1481546	1547	0
9890156	1481757	1547	0
9891308	1481916	1898	2
9895679	1482553	1547	0
9896771	1482764	1547	0
9897923	1482923	1898	2
9902280	1483558	1547	0
9903372	1483769	1547	0
9904524	1483928	1898	2
9908920	1484569	1547	0
9910012	1484780	1547	0
9911164	1484939	1898	2
9915546	1485578	1547	0
9916638	1485789	1547	0
9917790	1485948	1898	2
9922160	1486585	1547	0
9923252	1486796	1547	0
9924404	1486955	1898	2
9928762	1487590	1547	0
9929854	1487801	1547	0
9931006	1487960	1898	2
9935352	1488593	1547	0
9936444	1488804	1547	0
9937596	1488963	1898	2
9941981	1489602	1547	0
9943073	1489813	1547	0
9944225	1489972	1898	2
9948596	1490609	1547	0
9949688	1490820	1547	0
9950840	1490979	1898	2
9955250	1491622	1547	0
9956342	1491833	1547	0
9957494	1491992	1898	2
9961890	1492633	1547	0
9962982	1492844	1547	0
9964134	1493003	1898	2
9968518	1493642	1547	0
9969610	1493853	1547	0
9970762	1494012	1898	2
9975185	1494657	1547	0
9976277	1494868	1547	0
9977429	1495027	1898	2
9981838	1495670	1547	0
9982930	1495881	1547	0
9984082	1496040	1898	2
9988479	1496681	1547	0
9989571	1496892	1547	0
9990723	1497051	1898	2
9995159	1497698	1547	0
9996251	1497909	1547	0
9997403	1498068	1898	2
10001825	1498713	1547	0
10002917	1498924	1547	0
10004069	1499083	1898	2
10008530	1499734	1547	0
10009622	1499945	1547	0
10010774	1500104	1898	2
10015221	1500753	1547	0
10016313	1500964	1547	0
10017465	1501123	1898	2
10021900	1501770	1547	0
10022992	1501981	1547	0
10024144	1502140	1898	2
10028618	1502793	1547	0
10029710	1503004	1547	0
10030862	1503163	1898	2
10035322	1503814	1547	0
10036414	1504025	1547	0
10037566	1504184	1898	2
10042065	1504841	1547	0
10043157	1505052	1547	0
10044309	1505211	1898	2
10048794	1505866	1547	0
10049886	1506077	1547	0
10051038	1506236	1898	2
10055562	1506897	1547	0
10056654	1507108	1547	0
10057806	1507267	1898	2
10062316	1507926	1547	0
10063408	1508137	1547	0
10064560	1508296	1898	2
10069058	1508953	1547	0
10070150	1509164	1547	0
10071302	1509323	1898	2
10075839	1509986	1547	0
10076931	1510197	1547	0
10078083	1510356	1898	2
10082606	1511017	1547	0
10083698	1511228	1547	0
10084850	1511387	1898	2
10089361	1512046	1547	0
10090453	1512257	1547	0
10091605	1512416	1898	2
10095774	1513007	1547	0
10097196	1513284	1547	0
10098348	1513443	1898	2
10102886	1514106	1547	0
10103978	1514317	1547	0
10105130	1514476	1898	2
10109324	1515071	1547	0
10110746	1515348	1547	0
10111898	1515507	1898	2
10116461	1516174	1547	0
10117553	1516385	1547	0
10118705	1516544	1898	2
10122924	1517143	1547	0
10124346	1517420	1547	0
10125498	1517579	1898	2
10129695	1518174	1547	0
10131103	1518449	1547	0
10132255	1518608	1898	2
10136501	1519211	1547	0
10137923	1519488	1547	0
10139075	1519647	1898	2
10143297	1520246	1547	0
10144705	1520521	1547	0
10145857	1520680	1898	2
10150128	1521287	1547	0
10151550	1521564	1547	0
10152702	1521723	1898	2
10156949	1522326	1547	0
10158357	1522601	1547	0
10159509	1522760	1898	2
10163734	1523359	1547	0
10165128	1523632	1547	0
10166280	1523791	1898	2
10170554	1524398	1547	0
10171962	1524673	1547	0
10173114	1524832	1898	2
10177364	1525435	1547	0
10178758	1525708	1547	0
10179910	1525867	1898	2
10184138	1526466	1547	0
10185518	1526737	1547	0
10186670	1526896	1898	2
10190947	1527503	1547	0
10192341	1527776	1547	0
10193493	1527935	1898	2
10197746	1528538	1547	0
10199126	1528809	1547	0
10200278	1528968	1898	2
10204509	1529567	1547	0
10205875	1529836	1547	0
10207027	1529995	1898	2
10211307	1530602	1547	0
10212687	1530873	1547	0
10213839	1531032	1898	2
10218095	1531635	1547	0
10219461	1531904	1547	0
10220613	1532063	1898	2
10224847	1532662	1547	0
10226199	1532929	1547	0
10227351	1533088	1898	2
10231563	1533683	1547	0
10232901	1533948	1547	0
10234053	1534107	1898	2
10238314	1534710	1547	0
10239666	1534977	1547	0
10240818	1535136	1898	2
10245055	1535735	1547	0
10246393	1536000	1547	0
10247545	1536159	1898	2
10251831	1536766	1547	0
10253183	1537033	1547	0
10254335	1537192	1898	2
10258597	1537795	1547	0
10259935	1538060	1547	0
10261087	1538219	1898	2
10265327	1538818	1547	0
10266651	1539081	1547	0
10267803	1539240	1898	2
10272092	1539847	1547	0
10273430	1540112	1547	0
10274582	1540271	1898	2
10278847	1540874	1547	0
10280171	1541137	1547	0
10281323	1541296	1898	2
10285637	1541907	1547	0
10286975	1542172	1547	0
10288127	1542331	1898	2
10292417	1542938	1547	0
10293741	1543201	1547	0
10294893	1543360	1898	2
10299232	1543975	1547	0
10300570	1544240	1547	0
10301722	1544399	1898	2
10306037	1545010	1547	0
10307361	1545273	1547	0
10308513	1545432	1898	2
10312877	1546051	1547	0
10314215	1546316	1547	0
10315367	1546475	1898	2
10319707	1547090	1547	0
10321031	1547353	1547	0
10322183	1547512	1898	2
10326501	1548123	1547	0
10327811	1548384	1547	0
10328963	1548543	1898	2
10333330	1549162	1547	0
10334654	1549425	1547	0
10335806	1549584	1898	2
10340149	1550199	1547	0
10341459	1550460	1547	0
10342611	1550619	1898	2
10347003	1551242	1547	0
10348327	1551505	1547	0
10349479	1551664	1898	2
10353847	1552283	1547	0
10355157	1552544	1547	0
10356309	1552703	1898	2
10360726	1553330	1547	0
10362050	1553593	1547	0
10363202	1553752	1898	2
10367595	1554375	1547	0
10368905	1554636	1547	0
10370057	1554795	1898	2
10374428	1555414	1547	0
10375724	1555673	1547	0
10376876	1555832	1898	2
10381296	1556459	1547	0
10382606	1556720	1547	0
10383758	1556879	1898	2
10388154	1557502	1547	0
10389450	1557761	1547	0
10390602	1557920	1898	2
10396256	1558795	1547	0
10397408	1558954	1898	2
10403050	1559827	1547	0
10404202	1559986	1898	2
10407789	1560541	1547	0
10408941	1560700	1898	2
10412528	1561255	1547	0
10413680	1561414	1898	2
10417267	1561969	1547	0
10418419	1562128	1898	2
10422006	1562683	1547	0
10423158	1562842	1898	2
10426745	1563397	1547	0
10427897	1563556	1898	2
10431484	1564111	1547	0
10432636	1564270	1898	2
10436223	1564825	1547	0
10437375	1564984	1898	2
10440962	1565539	1547	0
10442114	1565698	1898	2
10445701	1566253	1547	0
10446853	1566412	1898	2
10450440	1566967	1547	0
10451592	1567126	1898	2
10455179	1567681	1547	0
10456331	1567840	1898	2
10459918	1568395	1547	0
10461070	1568554	1898	2
10464657	1569109	1547	0
10465809	1569268	1898	2
10469396	1569823	1547	0
10470548	1569982	1898	2
10474135	1570537	1547	0
10475287	1570696	1898	2
10478874	1571251	1547	0
10480026	1571410	1898	2
10483613	1571965	1547	0
10484765	1572124	1898	2
10488352	1572679	1547	0
10489504	1572838	1898	2
10493091	1573393	1547	0
10494243	1573552	1898	2
10497830	1574107	1547	0
10498982	1574266	1898	2
10502569	1574821	1547	0
10503721	1574980	1898	2
10507308	1575535	1547	0
10508460	1575694	1898	2
10512047	1576249	1547	0
10513199	1576408	1898	2
10516786	1576963	1547	0
10517938	1577122	1898	2
10521525	1577677	1547	0
10522677	1577836	1898	2
10526264	1578391	1547	0
10527416	1578550	1898	2
10531003	1579105	1547	0
10532155	1579264	1898	2
10535742	1579819	1547	0
10536894	1579978	1898	2
10540481	1580533	1547	0
10541633	1580692	1898	2
10545220	1581247	1547	0
10546372	1581406	1898	2
10549959	1581961	1547	0
10551111	1582120	1898	2
10554698	1582675	1547	0
10555850	1582834	1898	2
10559437	1583389	1547	0
10560589	1583548	1898	2
10564176	1584103	1547	0
10565328	1584262	1898	2
10568915	1584817	1547	0
10570067	1584976	1898	2
10573654	1585531	1547	0
10574806	1585690	1898	2
10578393	1586245	1547	0
10579545	1586404	1898	2
10583132	1586959	1547	0
10584284	1587118	1898	2
10587871	1587673	1547	0
10589023	1587832	1898	2
10592610	1588387	1547	0
10593762	1588546	1898	2
10597349	1589101	1547	0
10598501	1589260	1898	2
10602088	1589815	1547	0
10603240	1589974	1898	2
10606827	1590529	1547	0
10607979	1590688	1898	2
10611566	1591243	1547	0
10612718	1591402	1898	2
10616305	1591957	1547	0
10617457	1592116	1898	2
10621044	1592671	1547	0
10622196	1592830	1898	2
10625783	1593385	1547	0
10626935	1593544	1898	2
10630522	1594099	1547	0
10631674	1594258	1898	2
10635261	1594813	1547	0
10636413	1594972	1898	2
10640000	1595527	1547	0
10641152	1595686	1898	2
10644739	1596241	1547	0
10645891	1596400	1898	2
10649478	1596955	1547	0
10650630	1597114	1898	2
10654217	1597669	1547	0
10655369	1597828	1898	2
10658956	1598383	1547	0
10660108	1598542	1898	2
10663695	1599097	1547	0
10664847	1599256	1898	2
10668434	1599811	1547	0
10669586	1599970	1898	2
10673173	1600525	1547	0
10674325	1600684	1898	2
10677912	1601239	1547	0
10679064	1601398	1898	2
10682651	1601953	1547	0
10683803	1602112	1898	2
10687390	1602667	1547	0
10688542	1602826	1898	2
10692129	1603381	1547	0
10693281	1603540	1898	2
10696868	1604095	1547	0
10698020	1604254	1898	2
10701607	1604809	1547	0
10702759	1604968	1898	2
10706346	1605523	1547	0
10707498	1605682	1898	2
10711085	1606237	1547	0
10712237	1606396	1898	2
10715824	1606951	1547	0
10716976	1607110	1898	2
10720563	1607665	1547	0
10721715	1607824	1898	2
10725302	1608379	1547	0
10726454	1608538	1898	2
10730041	1609093	1547	0
10731193	1609252	1898	2
10734780	1609807	1547	0
10735932	1609966	1898	2
10739519	1610521	1547	0
10740671	1610680	1898	2
10744258	1611235	1547	0
10745410	1611394	1898	2
10748997	1611949	1547	0
10750149	1612108	1898	2
10753736	1612663	1547	0
10754888	1612822	1898	2
10758475	1613377	1547	0
10759627	1613536	1898	2
10763214	1614091	1547	0
10764366	1614250	1898	2
10767953	1614805	1547	0
10769105	1614964	1898	2
10772692	1615519	1547	0
10773844	1615678	1898	2
10777431	1616233	1547	0
10778583	1616392	1898	2
10782170	1616947	1547	0
10783322	1617106	1898	2
10786909	1617661	1547	0
10788061	1617820	1898	2
10791648	1618375	1547	0
10792800	1618534	1898	2
10796387	1619089	1547	0
10797539	1619248	1898	2
10801126	1619803	1547	0
10802278	1619962	1898	2
10805865	1620517	1547	0
10807017	1620676	1898	2
10810604	1621231	1547	0
10811756	1621390	1898	2
10815343	1621945	1547	0
10816495	1622104	1898	2
10820082	1622659	1547	0
10821234	1622818	1898	2
10824821	1623373	1547	0
10825973	1623532	1898	2
10829560	1624087	1547	0
10830712	1624246	1898	2
10834299	1624801	1547	0
10835451	1624960	1898	2
10839038	1625515	1547	0
10840190	1625674	1898	2
10843777	1626229	1547	0
10844929	1626388	1898	2
10848516	1626943	1547	0
10849668	1627102	1898	2
10853255	1627657	1547	0
10854407	1627816	1898	2
10857994	1628371	1547	0
10859146	1628530	1898	2
10862733	1629085	1547	0
10863885	1629244	1898	2
10867472	1629799	1547	0
10868624	1629958	1898	2
10872211	1630513	1547	0
10873363	1630672	1898	2
10876950	1631227	1547	0
10878102	1631386	1898	2
10881689	1631941	1547	0
10882841	1632100	1898	2
10886428	1632655	1547	0
10887580	1632814	1898	2
10891167	1633369	1547	0
10892319	1633528	1898	2
10895906	1634083	1547	0
10897058	1634242	1898	2
10900645	1634797	1547	0
10901797	1634956	1898	2
10905384	1635511	1547	0
10906536	1635670	1898	2
10910123	1636225	1547	0
10911275	1636384	1898	2
10914862	1636939	1547	0
10916014	1637098	1898	2
10919601	1637653	1547	0
10920753	1637812	1898	2
10924340	1638367	1547	0
10925492	1638526	1898	2
10929079	1639081	1547	0
10930231	1639240	1898	2
10933818	1639795	1547	0
10934970	1639954	1898	2
10938557	1640509	1547	0
10939709	1640668	1898	2
10943296	1641223	1547	0
10944448	1641382	1898	2
10948035	1641937	1547	0
10949187	1642096	1898	2
10952774	1642651	1547	0
10953926	1642810	1898	2
10957513	1643365	1547	0
10958665	1643524	1898	2
10962252	1644079	1547	0
10963404	1644238	1898	2
10966991	1644793	1547	0
10968143	1644952	1898	2
10971730	1645507	1547	0
10972882	1645666	1898	2
10976469	1646221	1547	0
10977621	1646380	1898	2
10981208	1646935	1547	0
10982360	1647094	1898	2
10985947	1647649	1547	0
10987099	1647808	1898	2
10990686	1648363	1547	0
10991838	1648522	1898	2
10995425	1649077	1547	0
10996577	1649236	1898	2
11000164	1649791	1547	0
11001316	1649950	1898	2
11004903	1650505	1547	0
11006055	1650664	1898	2
11009642	1651219	1547	0
11010794	1651378	1898	2
11014381	1651933	1547	0
11015533	1652092	1898	2
11019120	1652647	1547	0
11020272	1652806	1898	2
11023859	1653361	1547	0
11025011	1653520	1898	2
11028598	1654075	1547	0
11029750	1654234	1898	2
11033337	1654789	1547	0
11034489	1654948	1898	2
11038076	1655503	1547	0
11039228	1655662	1898	2
11042815	1656217	1547	0
11043967	1656376	1898	2
11047554	1656931	1547	0
11048706	1657090	1898	2
11052293	1657645	1547	0
11053445	1657804	1898	2
11057032	1658359	1547	0
11058184	1658518	1898	2
11061771	1659073	1547	0
11062923	1659232	1898	2
11066510	1659787	1547	0
11067662	1659946	1898	2
11071249	1660501	1547	0
11072401	1660660	1898	2
11075988	1661215	1547	0
11077140	1661374	1898	2
11080727	1661929	1547	0
11081879	1662088	1898	2
11085466	1662643	1547	0
11086618	1662802	1898	2
11090205	1663357	1547	0
11091357	1663516	1898	2
11094944	1664071	1547	0
11096096	1664230	1898	2
11099683	1664785	1547	0
11100835	1664944	1898	2
11104422	1665499	1547	0
11105574	1665658	1898	2
11109161	1666213	1547	0
11110313	1666372	1898	2
11113900	1666927	1547	0
11115052	1667086	1898	2
11118639	1667641	1547	0
11119791	1667800	1898	2
11123378	1668355	1547	0
11124530	1668514	1898	2
11128117	1669069	1547	0
11129269	1669228	1898	2
11132856	1669783	1547	0
11134008	1669942	1898	2
11137595	1670497	1547	0
11138747	1670656	1898	2
11142334	1671211	1547	0
11143486	1671370	1898	2
11147073	1671925	1547	0
11148225	1672084	1898	2
11151812	1672639	1547	0
11152964	1672798	1898	2
11156551	1673353	1547	0
11157703	1673512	1898	2
11161290	1674067	1547	0
11162442	1674226	1898	2
11166029	1674781	1547	0
11167181	1674940	1898	2
11170768	1675495	1547	0
11171920	1675654	1898	2
11175507	1676209	1547	0
11176659	1676368	1898	2
11180246	1676923	1547	0
11181398	1677082	1898	2
11184985	1677637	1547	0
11186137	1677796	1898	2
11189724	1678351	1547	0
11190876	1678510	1898	2
11194463	1679065	1547	0
11195615	1679224	1898	2
11199202	1679779	1547	0
11200354	1679938	1898	2
11203941	1680493	1547	0
11205093	1680652	1898	2
11208680	1681207	1547	0
11209832	1681366	1898	2
11213419	1681921	1547	0
11214571	1682080	1898	2
11218158	1682635	1547	0
11219310	1682794	1898	2
11222897	1683349	1547	0
11224049	1683508	1898	2
11227636	1684063	1547	0
11228788	1684222	1898	2
11232375	1684777	1547	0
11233527	1684936	1898	2
11237114	1685491	1547	0
11238266	1685650	1898	2
11241853	1686205	1547	0
11243005	1686364	1898	2
11246592	1686919	1547	0
11247744	1687078	1898	2
11251331	1687633	1547	0
11252483	1687792	1898	2
11256070	1688347	1547	0
11257222	1688506	1898	2
11260809	1689061	1547	0
11261961	1689220	1898	2
11265548	1689775	1547	0
11266700	1689934	1898	2
11270287	1690489	1547	0
11271439	1690648	1898	2
11275026	1691203	1547	0
11276178	1691362	1898	2
11279765	1691917	1547	0
11280917	1692076	1898	2
11284504	1692631	1547	0
11285656	1692790	1898	2
11289243	1693345	1547	0
11290395	1693504	1898	2
11293982	1694059	1547	0
11295134	1694218	1898	2
11298721	1694773	1547	0
11299873	1694932	1898	2
11303460	1695487	1547	0
11304612	1695646	1898	2
11308199	1696201	1547	0
11309351	1696360	1898	2
11312938	1696915	1547	0
11314090	1697074	1898	2
11317677	1697629	1547	0
11318829	1697788	1898	2
11322416	1698343	1547	0
11323568	1698502	1898	2
11327155	1699057	1547	0
11328307	1699216	1898	2
11331894	1699771	1547	0
11333046	1699930	1898	2
11336633	1700485	1547	0
11337785	1700644	1898	2
11341372	1701199	1547	0
11342524	1701358	1898	2
11346111	1701913	1547	0
11347263	1702072	1898	2
11350850	1702627	1547	0
11352002	1702786	1898	2
11355589	1703341	1547	0
11356741	1703500	1898	2
11360328	1704055	1547	0
11361480	1704214	1898	2
11365067	1704769	1547	0
11366219	1704928	1898	2
11369806	1705483	1547	0
11370958	1705642	1898	2
11374545	1706197	1547	0
11375697	1706356	1898	2
11379284	1706911	1547	0
11380436	1707070	1898	2
11384023	1707625	1547	0
11385175	1707784	1898	2
11388762	1708339	1547	0
11389914	1708498	1898	2
11393501	1709053	1547	0
11394653	1709212	1898	2
11398240	1709767	1547	0
11399392	1709926	1898	2
11402979	1710481	1547	0
11404131	1710640	1898	2
11407718	1711195	1547	0
11408870	1711354	1898	2
11412457	1711909	1547	0
11413609	1712068	1898	2
11417196	1712623	1547	0
11418348	1712782	1898	2
11421935	1713337	1547	0
11423087	1713496	1898	2
11426674	1714051	1547	0
11427826	1714210	1898	2
11431413	1714765	1547	0
11432565	1714924	1898	2
11436152	1715479	1547	0
11437304	1715638	1898	2
11440891	1716193	1547	0
11442043	1716352	1898	2
11445630	1716907	1547	0
11446782	1717066	1898	2
11450369	1717621	1547	0
11451521	1717780	1898	2
11455108	1718335	1547	0
11456260	1718494	1898	2
11459847	1719049	1547	0
11460999	1719208	1898	2
11464586	1719763	1547	0
11465738	1719922	1898	2
11469325	1720477	1547	0
11470477	1720636	1898	2
11474064	1721191	1547	0
11475216	1721350	1898	2
11478803	1721905	1547	0
11479955	1722064	1898	2
11483542	1722619	1547	0
11484694	1722778	1898	2
11488281	1723333	1547	0
11489433	1723492	1898	2
11493020	1724047	1547	0
11494172	1724206	1898	2
11497759	1724761	1547	0
11498911	1724920	1898	2
11502498	1725475	1547	0
11503650	1725634	1898	2
11507237	1726189	1547	0
11508389	1726348	1898	2
11511976	1726903	1547	0
11513128	1727062	1898	2
11516715	1727617	1547	0
11517867	1727776	1898	2
11521454	1728331	1547	0
11522606	1728490	1898	2
11526193	1729045	1547	0
11527345	1729204	1898	2
11530932	1729759	1547	0
11532084	1729918	1898	2
11535671	1730473	1547	0
11536823	1730632	1898	2
11540410	1731187	1547	0
11541562	1731346	1898	2
11545149	1731901	1547	0
11546301	1732060	1898	2
11549888	1732615	1547	0
11551040	1732774	1898	2
11554627	1733329	1547	0
11555779	1733488	1898	2
11559366	1734043	1547	0
11560518	1734202	1898	2
11564105	1734757	1547	0
11565257	1734916	1898	2
11568844	1735471	1547	0
11569996	1735630	1898	2
11573583	1736185	1547	0
11574735	1736344	1898	2
11578322	1736899	1547	0
11579474	1737058	1898	2
11583061	1737613	1547	0
11584213	1737772	1898	2
11587800	1738327	1547	0
11588952	1738486	1898	2
11592539	1739041	1547	0
11593691	1739200	1898	2
11597278	1739755	1547	0
11598430	1739914	1898	2
11602017	1740469	1547	0
11603169	1740628	1898	2
11606756	1741183	1547	0
11607908	1741342	1898	2
11611495	1741897	1547	0
11612647	1742056	1898	2
11616234	1742611	1547	0
11617386	1742770	1898	2
11620973	1743325	1547	0
11622125	1743484	1898	2
11625712	1744039	1547	0
11626864	1744198	1898	2
11630451	1744753	1547	0
11631603	1744912	1898	2
11635190	1745467	1547	0
11636342	1745626	1898	2
11639929	1746181	1547	0
11641081	1746340	1898	2
11644668	1746895	1547	0
11645820	1747054	1898	2
11649407	1747609	1547	0
11650559	1747768	1898	2
11654146	1748323	1547	0
11655298	1748482	1898	2
11658885	1749037	1547	0
11660037	1749196	1898	2
11663624	1749751	1547	0
11664776	1749910	1898	2
11668363	1750465	1547	0
11669515	1750624	1898	2
11673102	1751179	1547	0
11674254	1751338	1898	2
11677841	1751893	1547	0
11678993	1752052	1898	2
11682580	1752607	1547	0
11683732	1752766	1898	2
11687319	1753321	1547	0
11688471	1753480	1898	2
11692058	1754035	1547	0
11693210	1754194	1898	2
11696797	1754749	1547	0
11697949	1754908	1898	2
11701536	1755463	1547	0
11702688	1755622	1898	2
11706275	1756177	1547	0
11707427	1756336	1898	2
11711014	1756891	1547	0
11712166	1757050	1898	2
11715753	1757605	1547	0
11716905	1757764	1898	2
11720492	1758319	1547	0
11721644	1758478	1898	2
11725231	1759033	1547	0
11726383	1759192	1898	2
11729970	1759747	1547	0
11731122	1759906	1898	2
11734709	1760461	1547	0
11735861	1760620	1898	2
11739448	1761175	1547	0
11740600	1761334	1898	2
11744187	1761889	1547	0
11745339	1762048	1898	2
11748926	1762603	1547	0
11750078	1762762	1898	2
11753665	1763317	1547	0
11754817	1763476	1898	2
11758404	1764031	1547	0
11759556	1764190	1898	2
11763143	1764745	1547	0
11764295	1764904	1898	2
11767882	1765459	1547	0
11769034	1765618	1898	2
11772621	1766173	1547	0
11773773	1766332	1898	2
11777360	1766887	1547	0
11778512	1767046	1898	2
11782099	1767601	1547	0
11783251	1767760	1898	2
11786838	1768315	1547	0
11787990	1768474	1898	2
11791577	1769029	1547	0
11792729	1769188	1898	2
11796316	1769743	1547	0
11797468	1769902	1898	2
11801055	1770457	1547	0
11802207	1770616	1898	2
11805794	1771171	1547	0
11806946	1771330	1898	2
11810533	1771885	1547	0
11811685	1772044	1898	2
11815272	1772599	1547	0
11816424	1772758	1898	2
11820011	1773313	1547	0
11821163	1773472	1898	2
11824750	1774027	1547	0
11825902	1774186	1898	2
11829489	1774741	1547	0
11830641	1774900	1898	2
11834228	1775455	1547	0
11835380	1775614	1898	2
11838967	1776169	1547	0
11840119	1776328	1898	2
11843706	1776883	1547	0
11844858	1777042	1898	2
11848445	1777597	1547	0
11849597	1777756	1898	2
11853184	1778311	1547	0
11854336	1778470	1898	2
11857923	1779025	1547	0
11859075	1779184	1898	2
11862662	1779739	1547	0
11863814	1779898	1898	2
11867401	1780453	1547	0
11868553	1780612	1898	2
11872140	1781167	1547	0
11873292	1781326	1898	2
11876879	1781881	1547	0
11878031	1782040	1898	2
11881618	1782595	1547	0
11882770	1782754	1898	2
11886357	1783309	1547	0
11887509	1783468	1898	2
11891096	1784023	1547	0
11892248	1784182	1898	2
11895835	1784737	1547	0
11896987	1784896	1898	2
11900574	1785451	1547	0
11901726	1785610	1898	2
11905313	1786165	1547	0
11906465	1786324	1898	2
11910052	1786879	1547	0
11911204	1787038	1898	2
11914791	1787593	1547	0
11915943	1787752	1898	2
11919530	1788307	1547	0
11920682	1788466	1898	2
11924269	1789021	1547	0
11925421	1789180	1898	2
11929008	1789735	1547	0
11930160	1789894	1898	2
11933747	1790449	1547	0
11934899	1790608	1898	2
11938486	1791163	1547	0
11939638	1791322	1898	2
11943225	1791877	1547	0
11944377	1792036	1898	2
11947964	1792591	1547	0
11949116	1792750	1898	2
11952703	1793305	1547	0
11953855	1793464	1898	2
11957442	1794019	1547	0
11958594	1794178	1898	2
11962181	1794733	1547	0
11963333	1794892	1898	2
11966920	1795447	1547	0
11968072	1795606	1898	2
11971659	1796161	1547	0
11972811	1796320	1898	2
11976398	1796875	1547	0
11977550	1797034	1898	2
11981137	1797589	1547	0
11982289	1797748	1898	2
11985876	1798303	1547	0
11987028	1798462	1898	2
11990615	1799017	1547	0
11991767	1799176	1898	2
11995354	1799731	1547	0
11996506	1799890	1898	2
12000093	1800445	1547	0
12001245	1800604	1898	2
12920397	1941743	1501	3
